,id,Type,Region,tags.power,tags.generator:method,power_output_MW,tags.generator:source,tags.generator:type,tags.location,tags.generator:plant,tags.ref,other_tags,geometry,Country
2,143605159,area,KR,generator,fission,632.0,nuclear,CANDU,NULL,NULL,NULL,"{'tags.name': 'WOLSONG-2', 'refs': [1571586820, 1571586801, 1571586782, 1571586798, 1571586820]}","POLYGON ((129.47361660000013 35.71162460000002, 129.4749511000001 35.71086390000002, 129.47425840000014 35.709801100000014, 129.47278130000012 35.71061270000002, 129.47361660000013 35.71162460000002))",KR
3,143605160,area,KR,generator,fission,648.0,nuclear,CANDU,NULL,NULL,NULL,"{'tags.name': 'WOLSONG-3', 'refs': [1571586919, 1571586863, 1571586813, 1571586853, 1571586919]}","POLYGON ((129.47502920000017 35.713268, 129.47636370000015 35.71250740000002, 129.47567100000012 35.71144460000002, 129.47419390000013 35.71225610000002, 129.47502920000017 35.713268))",KR
4,143605163,area,KR,generator,fission,661.0,nuclear,CANDU,NULL,NULL,NULL,"{'tags.name': 'WOLSONG-1', 'refs': [1571586792, 1571586780, 1571586772, 1571586777, 1571586792]}","POLYGON ((129.47260470000012 35.71049040000002, 129.47393920000013 35.70972980000001, 129.47324650000016 35.708667, 129.47176940000014 35.70947850000001, 129.47260470000012 35.71049040000002))",KR
5,143605164,area,KR,generator,fission,635.0,nuclear,CANDU,NULL,NULL,NULL,"{'tags.name': 'WOLSONG-4', 'refs': [1571586978, 1571586952, 1571586858, 1571586924, 1571586978]}","POLYGON ((129.47596240000016 35.714302, 129.47729690000014 35.71354140000004, 129.47660420000014 35.71247860000002, 129.47512710000015 35.71329010000003, 129.47596240000016 35.714302))",KR
576,935167449,area,KR,generator,combustion,346.0,coal,NULL,NULL,NULL,NULL,"{'tags.name': 'Taean IGCC', 'tags.landuse': 'industrial', 'refs': [8666072758, 8666072759, 8666072760, 8666072761, 8666072762, 8666072758]}","POLYGON ((126.23183399999962 36.899917499999916, 126.23281159999962 36.897782, 126.23301759999963 36.89774149999992, 126.23611659999963 36.898641, 126.23511069999964 36.90089749999992, 126.23183399999962 36.899917499999916))",KR
4077,1279096963,node,KR,generator,wind_turbine,3.0,wind,horizontal_axis,NULL,NULL,NULL,NULL,POINT (126.17257200000027 33.34353589999986),KR
4078,1279096978,node,KR,generator,wind_turbine,3.0,wind,horizontal_axis,NULL,NULL,1,NULL,POINT (126.16346990000032 33.33707599999985),KR
4079,1279096983,node,KR,generator,wind_turbine,1.0,wind,horizontal_axis,NULL,NULL,NULL,NULL,POINT (126.16661450000035 33.33550689999984),KR
4080,1279097020,node,KR,generator,wind_turbine,3.0,wind,horizontal_axis,NULL,NULL,2,NULL,POINT (126.1663107000004 33.33876909999985),KR
4085,1279097184,node,KR,generator,wind_turbine,3.0,wind,horizontal_axis,NULL,NULL,5,NULL,POINT (126.17125130000039 33.345446799999834),KR
4086,2446814190,node,KR,generator,wind_turbine,3.0,wind,horizontal_axis,NULL,NULL,9,NULL,POINT (126.82483430000055 33.39072219999996),KR
4087,2446814193,node,KR,generator,wind_turbine,3.0,wind,horizontal_axis,NULL,NULL,7,NULL,POINT (126.82011290000054 33.392708099999965),KR
4088,2446814194,node,KR,generator,wind_turbine,3.0,wind,horizontal_axis,NULL,NULL,8,NULL,POINT (126.81718400000054 33.393506399999964),KR
4089,2446814195,node,KR,generator,wind_turbine,3.0,wind,horizontal_axis,NULL,NULL,10,NULL,POINT (126.82726970000054 33.394897599999965),KR
4090,2446814199,node,KR,generator,wind_turbine,3.0,wind,horizontal_axis,NULL,NULL,6,NULL,POINT (126.82128790000054 33.395164499999964),KR
4091,2446814211,node,KR,generator,wind_turbine,3.0,wind,horizontal_axis,NULL,NULL,11,NULL,POINT (126.83087940000054 33.39600889999996),KR
4092,2446814212,node,KR,generator,wind_turbine,3.0,wind,horizontal_axis,NULL,NULL,3,NULL,POINT (126.82107350000054 33.39924149999996),KR
4093,2446814214,node,KR,generator,wind_turbine,3.0,wind,horizontal_axis,NULL,NULL,5,NULL,POINT (126.82766420000054 33.39935619999996),KR
4094,2446814215,node,KR,generator,wind_turbine,3.0,wind,horizontal_axis,NULL,NULL,2,NULL,POINT (126.81666410000054 33.39966339999996),KR
4095,2446814217,node,KR,generator,wind_turbine,3.0,wind,horizontal_axis,NULL,NULL,4,NULL,POINT (126.82187090000053 33.40237319999996),KR
4096,2446814218,node,KR,generator,wind_turbine,3.0,wind,horizontal_axis,NULL,NULL,1,NULL,POINT (126.81617740000053 33.402522499999954),KR
4097,2991171486,node,KR,generator,wind_turbine,1.0,wind,horizontal_axis,NULL,NULL,1,NULL,POINT (128.99127489999972 35.421797000000915),KR
4098,2991171497,node,KR,generator,wind_turbine,1.0,wind,horizontal_axis,NULL,NULL,2,NULL,POINT (128.99416829999973 35.42226610000091),KR
4099,3498495161,node,KR,generator,wind_turbine,2.0,wind,horizontal_axis,NULL,NULL,1-1,NULL,POINT (126.8348374000001 33.43967210000006),KR
4100,3498495164,node,KR,generator,wind_turbine,2.0,wind,horizontal_axis,NULL,NULL,2-4,NULL,POINT (126.82839280000009 33.43997530000006),KR
4101,3498495166,node,KR,generator,wind_turbine,2.0,wind,horizontal_axis,NULL,NULL,1-3,NULL,POINT (126.8320315000001 33.440046),KR
4102,3498495177,node,KR,generator,wind_turbine,2.0,wind,horizontal_axis,NULL,NULL,1-2,NULL,POINT (126.83725100000011 33.44080410000006),KR
4103,3498496205,node,KR,generator,wind_turbine,2.0,wind,horizontal_axis,NULL,NULL,2-3,NULL,POINT (126.8285279000001 33.44182030000005),KR
4104,3498496254,node,KR,generator,wind_turbine,2.0,wind,horizontal_axis,NULL,NULL,1-6,NULL,POINT (126.8261425000001 33.444916),KR
4105,3498496257,node,KR,generator,wind_turbine,2.0,wind,horizontal_axis,NULL,NULL,1-4,NULL,POINT (126.8404119000001 33.445337300000055),KR
4106,3498496262,node,KR,generator,wind_turbine,2.0,wind,horizontal_axis,NULL,NULL,2-2,NULL,POINT (126.83006620000012 33.44613490000005),KR
4107,3498496271,node,KR,generator,wind_turbine,2.0,wind,horizontal_axis,NULL,NULL,2-1,NULL,POINT (126.83262040000011 33.446831300000056),KR
4121,3632286641,node,KR,generator,wind_turbine,1.0,wind,horizontal_axis,NULL,NULL,2,NULL,POINT (126.606955799999 37.555287),KR
4122,3632286642,node,KR,generator,wind_turbine,1.0,wind,horizontal_axis,NULL,NULL,1,NULL,POINT (126.609625199999 37.555290300000074),KR
4134,4057481685,node,KR,generator,fission,996.0,nuclear,PWR,NULL,NULL,NULL,NULL,POINT (129.30022830000053 35.32691449999994),KR
4135,4057481686,node,KR,generator,fission,996.0,nuclear,PWR,NULL,NULL,NULL,NULL,POINT (129.30017050000052 35.327960099999935),KR
4136,4057490716,node,KR,generator,fission,997.0,nuclear,PWR,NULL,NULL,NULL,NULL,POINT (129.47808160000048 35.721421),KR
4137,4057490719,node,KR,generator,fission,993.0,nuclear,PWR,NULL,NULL,NULL,NULL,POINT (129.47842490000048 35.72232689999992),KR
4153,5747874265,node,KR,generator,fission,1416.0,nuclear,PWR,NULL,NULL,NULL,NULL,POINT (129.3104339000003 35.3371837),KR
4154,5747874266,node,KR,generator,fission,1418.0,nuclear,PWR,NULL,NULL,NULL,NULL,POINT (129.31094880000032 35.3384703),KR
4155,5747875464,node,KR,generator,fission,1012.0,nuclear,PWR,NULL,NULL,NULL,NULL,POINT (129.2973769000004 35.32022889999999),KR
4156,5747875465,node,KR,generator,fission,1011.0,nuclear,PWR,NULL,NULL,NULL,NULL,POINT (129.29461420000038 35.32022459999999),KR
4157,5747875466,node,KR,generator,fission,640.0,nuclear,PWR,NULL,NULL,NULL,NULL,POINT (129.29125070000038 35.3204959),KR
4158,5747875467,node,KR,generator,fission,576.0,nuclear,PWR,NULL,NULL,NULL,NULL,POINT (129.29017780000038 35.32018079999999),KR
4173,6501529107,node,KR,generator,wind_turbine,0.0,wind,horizontal_axis,NULL,NULL,1,NULL,POINT (129.2945531999999 35.33511159999982),KR
4177,6971884917,node,KR,generator,wind_turbine,1.0,wind,NULL,NULL,NULL,2-2,NULL,POINT (128.96207979999994 37.218988199999984),KR
4178,6971884918,node,KR,generator,wind_turbine,2.0,wind,NULL,NULL,NULL,4,NULL,POINT (128.96600109999994 37.224609399999984),KR
4179,6971884919,node,KR,generator,wind_turbine,2.0,wind,NULL,NULL,NULL,5,NULL,POINT (128.96814679999994 37.22463419999998),KR
4180,6971884920,node,KR,generator,wind_turbine,2.0,wind,NULL,NULL,NULL,3,NULL,POINT (128.96327859999994 37.22576619999998),KR
4181,6971884921,node,KR,generator,wind_turbine,2.0,wind,NULL,NULL,NULL,2,NULL,POINT (128.96296749999993 37.22749819999998),KR
4182,6971884922,node,KR,generator,wind_turbine,2.0,wind,NULL,NULL,NULL,1,NULL,POINT (128.96217019999995 37.23011829999998),KR
4183,6971884923,node,KR,generator,wind_turbine,2.0,wind,NULL,NULL,NULL,7,NULL,POINT (128.975402 37.21484379999998),KR
4184,6971884924,node,KR,generator,wind_turbine,2.0,wind,NULL,NULL,NULL,6,NULL,POINT (128.96808249999995 37.212792599999986),KR
4185,6971884925,node,KR,generator,wind_turbine,0.0,wind,NULL,NULL,NULL,1-1,NULL,POINT (128.96640569999994 37.21292369999998),KR
4186,6971884926,node,KR,generator,wind_turbine,1.0,wind,NULL,NULL,NULL,1-2,NULL,POINT (128.96571629999994 37.213433399999985),KR
4187,6971884927,node,KR,generator,wind_turbine,1.0,wind,NULL,NULL,NULL,1-3,NULL,POINT (128.96500619999995 37.21403179999999),KR
4188,6971884928,node,KR,generator,wind_turbine,1.0,wind,NULL,NULL,NULL,1-4,NULL,POINT (128.96450989999994 37.2145708),KR
4189,6971884929,node,KR,generator,wind_turbine,1.0,wind,NULL,NULL,NULL,1-5,NULL,POINT (128.96397549999995 37.21530459999999),KR
4190,6971884930,node,KR,generator,wind_turbine,1.0,wind,NULL,NULL,NULL,1-6,NULL,POINT (128.96290679999996 37.2154999),KR
4191,6971884935,node,KR,generator,wind_turbine,2.0,wind,NULL,NULL,NULL,NULL,NULL,POINT (128.89214819999995 37.1626404),KR
4203,6979956954,node,KR,generator,wind_turbine,2.0,wind,NULL,NULL,NULL,2,NULL,POINT (126.784979 33.57500469999993),KR
4276,6980073806,node,KR,generator,wind_turbine,3.0,wind,horizontal_axis,NULL,NULL,NULL,NULL,POINT (126.37415239999997 35.289290499999936),KR
4277,6980073807,node,KR,generator,wind_turbine,3.0,wind,horizontal_axis,NULL,NULL,NULL,NULL,POINT (126.37067589999997 35.290781899999935),KR
4278,6980073808,node,KR,generator,wind_turbine,3.0,wind,horizontal_axis,NULL,NULL,NULL,NULL,POINT (126.37179729999997 35.292475199999934),KR
4279,6980073809,node,KR,generator,wind_turbine,3.0,wind,horizontal_axis,NULL,NULL,NULL,NULL,POINT (126.37328619999997 35.294194699999935),KR
4280,6980073810,node,KR,generator,wind_turbine,3.0,wind,horizontal_axis,NULL,NULL,NULL,NULL,POINT (126.37564539999997 35.295583),KR
4281,6980073811,node,KR,generator,wind_turbine,3.0,wind,horizontal_axis,NULL,NULL,NULL,NULL,POINT (126.37870659999997 35.295517799999935),KR
4312,7603976531,node,KR,generator,combustion,1050.0,coal,steam_turbine,NULL,NULL,NULL,NULL,POINT (126.22756719999965 36.90318310000019),KR
4313,7603976532,node,KR,generator,combustion,1050.0,coal,steam_turbine,NULL,NULL,NULL,NULL,POINT (126.22875809999965 36.903517700000194),KR
4314,7603976533,node,KR,generator,combustion,500.0,coal,steam_turbine,NULL,NULL,NULL,NULL,POINT (126.23042109999965 36.90404100000019),KR
4315,7603976534,node,KR,generator,combustion,500.0,coal,steam_turbine,NULL,NULL,NULL,NULL,POINT (126.23127279999964 36.90427910000019),KR
4316,7603976535,node,KR,generator,combustion,500.0,coal,steam_turbine,NULL,NULL,NULL,NULL,POINT (126.23208339999964 36.90450580000019),KR
4317,7603976536,node,KR,generator,combustion,500.0,coal,steam_turbine,NULL,NULL,NULL,NULL,POINT (126.23295999999964 36.90475090000019),KR
4318,7603976537,node,KR,generator,combustion,500.0,coal,steam_turbine,NULL,NULL,NULL,NULL,POINT (126.23405879999963 36.90505810000019),KR
4319,7603976538,node,KR,generator,combustion,500.0,coal,steam_turbine,NULL,NULL,NULL,NULL,POINT (126.23487939999963 36.90528750000019),KR
4320,7603976539,node,KR,generator,combustion,500.0,coal,steam_turbine,NULL,NULL,NULL,NULL,POINT (126.23573689999962 36.905527300000195),KR
4321,7603976540,node,KR,generator,combustion,500.0,coal,steam_turbine,NULL,NULL,NULL,NULL,POINT (126.23655789999962 36.9057568000002),KR
4322,7603976567,node,KR,generator,NULL,31.0,hydro,NULL,NULL,NULL,NULL,NULL,POINT (127.66957909999962 37.9680237000002),KR
4323,7603976568,node,KR,generator,NULL,31.0,hydro,NULL,NULL,NULL,NULL,NULL,POINT (127.66931349999962 37.968082900000205),KR
4324,7603999896,node,KR,generator,NULL,27.0,hydro,NULL,NULL,NULL,NULL,NULL,POINT (127.7621662999996 38.099070800000185),KR
4325,7603999897,node,KR,generator,NULL,27.0,hydro,NULL,NULL,NULL,NULL,NULL,POINT (127.76220379999961 38.09920380000018),KR
4326,7603999898,node,KR,generator,NULL,27.0,hydro,NULL,NULL,NULL,NULL,NULL,POINT (127.76222529999961 38.099313500000186),KR
4327,7603999899,node,KR,generator,NULL,27.0,hydro,NULL,NULL,NULL,NULL,NULL,POINT (127.76224399999961 38.09942330000018),KR
4328,7606043364,node,KR,generator,combustion,450.0,gas,combined_cycle,NULL,NULL,NULL,NULL,POINT (126.60846229999962 37.51108750000013),KR
4329,7606043365,node,KR,generator,combustion,500.0,gas,combined_cycle,NULL,NULL,NULL,NULL,POINT (126.60935279999961 37.51069610000013),KR
4330,7606043366,node,KR,generator,combustion,500.0,gas,combined_cycle,NULL,NULL,NULL,NULL,POINT (126.61062949999962 37.51037270000013),KR
4331,7606043367,node,KR,generator,combustion,420.0,gas,combined_cycle,NULL,NULL,NULL,NULL,POINT (126.60921329999962 37.50746200000013),KR
4332,7606043368,node,KR,generator,combustion,420.0,gas,combined_cycle,NULL,NULL,NULL,NULL,POINT (126.60923479999963 37.50708750000013),KR
4333,7606043369,node,KR,generator,combustion,420.0,gas,combined_cycle,NULL,NULL,NULL,NULL,POINT (126.60922409999962 37.50779390000013),KR
4334,7606043370,node,KR,generator,combustion,626.0,gas,combined_cycle,NULL,NULL,NULL,NULL,POINT (126.60690129999962 37.50733860000013),KR
4335,7606043371,node,KR,generator,combustion,626.0,gas,combined_cycle,NULL,NULL,NULL,NULL,POINT (126.60548509999963 37.50735130000013),KR
4336,7606043372,node,KR,generator,combustion,450.0,gas,combined_cycle,NULL,NULL,NULL,NULL,POINT (126.62086489999963 37.51085780000013),KR
4337,7606043373,node,KR,generator,combustion,450.0,gas,combined_cycle,NULL,NULL,NULL,NULL,POINT (126.61508199999963 37.50841520000013),KR
4338,7606043374,node,KR,generator,combustion,225.0,gas,combined_cycle,NULL,NULL,NULL,NULL,POINT (126.60059809999963 37.53632540000013),KR
4339,7606043375,node,KR,generator,combustion,225.0,gas,combined_cycle,NULL,NULL,NULL,NULL,POINT (126.60169249999963 37.53632860000013),KR
4340,7606043376,node,KR,generator,combustion,225.0,gas,combined_cycle,NULL,NULL,NULL,NULL,POINT (126.60118809999963 37.53632710000013),KR
4341,7606043377,node,KR,generator,combustion,225.0,gas,combined_cycle,NULL,NULL,NULL,NULL,POINT (126.60222349999964 37.53633020000013),KR
4342,7606043378,node,KR,generator,combustion,225.0,gas,combined_cycle,NULL,NULL,NULL,NULL,POINT (126.60382759999963 37.53633490000013),KR
4343,7606043379,node,KR,generator,combustion,225.0,gas,combined_cycle,NULL,NULL,NULL,NULL,POINT (126.60339829999964 37.53633360000013),KR
4344,7606043380,node,KR,generator,combustion,225.0,gas,combined_cycle,NULL,NULL,NULL,NULL,POINT (126.60442299999964 37.53633670000013),KR
4345,7606043381,node,KR,generator,combustion,225.0,gas,combined_cycle,NULL,NULL,NULL,NULL,POINT (126.60493249999965 37.53633820000013),KR
4346,7606043382,node,KR,generator,combustion,450.0,gas,combined_cycle,NULL,NULL,NULL,NULL,POINT (126.60939569999965 37.53641900000013),KR
4347,7606043383,node,KR,generator,combustion,450.0,gas,combined_cycle,NULL,NULL,NULL,NULL,POINT (126.61046859999965 37.53641900000013),KR
4348,7606043384,node,KR,generator,combustion,450.0,gas,combined_cycle,NULL,NULL,NULL,NULL,POINT (126.60786149999964 37.53644450000013),KR
4349,7606056285,node,KR,generator,combustion,450.0,gas,combined_cycle,NULL,NULL,NULL,NULL,POINT (126.60657399999964 37.53641900000013),KR
4350,7606056327,node,KR,generator,combustion,450.0,gas,combined_cycle,NULL,NULL,NULL,NULL,POINT (126.48607849999966 36.397261200000145),KR
4351,7606056328,node,KR,generator,combustion,450.0,gas,combined_cycle,NULL,NULL,NULL,NULL,POINT (126.48605699999966 36.39560300000014),KR
4352,7606056329,node,KR,generator,combustion,450.0,gas,combined_cycle,NULL,NULL,NULL,NULL,POINT (126.48604629999966 36.396155800000145),KR
4353,7606056330,node,KR,generator,combustion,500.0,coal,steam_turbine,NULL,NULL,NULL,NULL,POINT (126.49569149999965 36.40123360000015),KR
4354,7606056331,node,KR,generator,combustion,500.0,coal,steam_turbine,NULL,NULL,NULL,NULL,POINT (126.49474739999965 36.40119900000015),KR
4355,7606056332,node,KR,generator,combustion,500.0,coal,steam_turbine,NULL,NULL,NULL,NULL,POINT (126.49352429999965 36.40115580000015),KR
4356,7606056333,node,KR,generator,combustion,500.0,coal,steam_turbine,NULL,NULL,NULL,NULL,POINT (126.49167889999966 36.401147200000146),KR
4357,7606056334,node,KR,generator,combustion,500.0,coal,steam_turbine,NULL,NULL,NULL,NULL,POINT (126.49263379999965 36.40112990000014),KR
4358,7606056335,node,KR,generator,combustion,500.0,coal,steam_turbine,NULL,NULL,NULL,NULL,POINT (126.49088499999965 36.40111270000014),KR
4359,7606056336,node,KR,generator,combustion,500.0,coal,steam_turbine,NULL,NULL,NULL,NULL,POINT (126.48956539999965 36.40104360000014),KR
4360,7606056337,node,KR,generator,combustion,500.0,coal,steam_turbine,NULL,NULL,NULL,NULL,POINT (126.48868559999964 36.40104360000014),KR
4364,7606056347,node,KR,generator,combustion,400.0,oil,steam_turbine,NULL,NULL,NULL,NULL,POINT (129.38083649999962 35.47527110000014),KR
4365,7606056348,node,KR,generator,combustion,400.0,oil,steam_turbine,NULL,NULL,NULL,NULL,POINT (129.38117289999963 35.47569350000014),KR
4366,7606056349,node,KR,generator,combustion,400.0,oil,steam_turbine,NULL,NULL,NULL,NULL,POINT (129.38148019999963 35.47607930000014),KR
4367,7606056350,node,KR,generator,combustion,1020.0,coal,steam_turbine,NULL,NULL,NULL,NULL,POINT (126.50524019999963 37.05675250000014),KR
4368,7606056351,node,KR,generator,combustion,1020.0,coal,steam_turbine,NULL,NULL,NULL,NULL,POINT (126.50638819999963 37.05644430000014),KR
4369,7606056352,node,KR,generator,combustion,500.0,coal,steam_turbine,NULL,NULL,NULL,NULL,POINT (126.50790089999964 37.05573370000014),KR
4370,7606056353,node,KR,generator,combustion,500.0,coal,steam_turbine,NULL,NULL,NULL,NULL,POINT (126.50890189999964 37.05546740000014),KR
4371,7606056354,node,KR,generator,combustion,500.0,coal,steam_turbine,NULL,NULL,NULL,NULL,POINT (126.50967439999964 37.05526190000014),KR
4372,7606056355,node,KR,generator,combustion,500.0,coal,steam_turbine,NULL,NULL,NULL,NULL,POINT (126.51061099999964 37.05501270000014),KR
4373,7606056356,node,KR,generator,combustion,500.0,coal,steam_turbine,NULL,NULL,NULL,NULL,POINT (126.51189849999965 37.05467020000014),KR
4374,7606056357,node,KR,generator,combustion,500.0,coal,steam_turbine,NULL,NULL,NULL,NULL,POINT (126.51273209999965 37.05444850000014),KR
4375,7606056358,node,KR,generator,combustion,500.0,coal,steam_turbine,NULL,NULL,NULL,NULL,POINT (126.51360759999966 37.05421560000014),KR
4376,7606056359,node,KR,generator,combustion,500.0,coal,steam_turbine,NULL,NULL,NULL,NULL,POINT (126.51453139999965 37.05396980000014),KR
4377,7606685378,node,KR,generator,combustion,480.0,gas,combined_cycle,NULL,NULL,NULL,NULL,POINT (126.96603829999964 37.3944326000002),KR
4378,7606685379,node,KR,generator,combustion,450.0,gas,combined_cycle,NULL,NULL,NULL,NULL,POINT (126.96734189999964 37.3939084000002),KR
4379,7607270789,node,KR,generator,combustion,125.0,coal,steam_turbine,NULL,NULL,NULL,NULL,POINT (128.98134829999947 37.73835340000022),KR
4380,7607270790,node,KR,generator,combustion,200.0,coal,steam_turbine,NULL,NULL,NULL,NULL,POINT (128.98154679999948 37.738815800000225),KR
4381,7607270791,node,KR,generator,combustion,560.0,coal,steam_turbine,NULL,NULL,NULL,NULL,POINT (128.10869689999947 34.913015300000225),KR
4382,7607270792,node,KR,generator,combustion,560.0,coal,steam_turbine,NULL,NULL,NULL,NULL,POINT (128.10919049999947 34.91239060000022),KR
4383,7607270793,node,KR,generator,combustion,560.0,coal,steam_turbine,NULL,NULL,NULL,NULL,POINT (128.10964109999946 34.91179240000022),KR
4384,7607270794,node,KR,generator,combustion,560.0,coal,steam_turbine,NULL,NULL,NULL,NULL,POINT (128.11020969999947 34.911106100000225),KR
4385,7607270795,node,KR,generator,combustion,500.0,coal,steam_turbine,NULL,NULL,NULL,NULL,POINT (128.11070319999948 34.91049910000022),KR
4386,7607270796,node,KR,generator,combustion,500.0,coal,steam_turbine,NULL,NULL,NULL,NULL,POINT (128.11120749999947 34.90985680000022),KR
4387,7607270842,node,KR,generator,combustion,348.0,gas,combined_cycle,NULL,NULL,NULL,NULL,POINT (127.14807989999949 37.36433330000022),KR
4388,7607270843,node,KR,generator,combustion,574.0,gas,combined_cycle,NULL,NULL,NULL,NULL,POINT (127.14617549999949 37.36445700000022),KR
4390,7607270845,node,KR,generator,combustion,350.0,oil,steam_turbine,NULL,NULL,NULL,NULL,POINT (126.7961418999995 37.00366220000022),KR
4391,7607270846,node,KR,generator,combustion,350.0,oil,steam_turbine,NULL,NULL,NULL,NULL,POINT (126.7950045999995 37.00467760000022),KR
4392,7607270847,node,KR,generator,combustion,350.0,oil,steam_turbine,NULL,NULL,NULL,NULL,POINT (126.7954873999995 37.00420630000022),KR
4393,7607270848,node,KR,generator,combustion,350.0,oil,steam_turbine,NULL,NULL,NULL,NULL,POINT (126.79455399999951 37.00514020000022),KR
4395,7607270850,node,KR,generator,combustion,718.0,gas,combined_cycle,NULL,NULL,NULL,NULL,POINT (126.73063429999951 35.98356690000022),KR
4396,7607270861,node,KR,generator,combustion,250.0,coal,steam_turbine,NULL,NULL,NULL,NULL,POINT (127.7352690999995 34.85355530000022),KR
4397,7607270862,node,KR,generator,combustion,250.0,coal,steam_turbine,NULL,NULL,NULL,NULL,POINT (127.7344858999995 34.853511300000214),KR
4398,7607270863,node,KR,generator,combustion,200.0,coal,steam_turbine,NULL,NULL,NULL,NULL,POINT (129.1458749999995 37.485798500000215),KR
4399,7607270864,node,KR,generator,combustion,200.0,coal,steam_turbine,NULL,NULL,NULL,NULL,POINT (129.1462182999995 37.485398500000215),KR
4400,7608909948,node,KR,generator,combustion,500.0,coal,steam_turbine,NULL,NULL,NULL,NULL,POINT (127.82011269999931 34.95533100000024),KR
4401,7608909949,node,KR,generator,combustion,500.0,coal,steam_turbine,NULL,NULL,NULL,NULL,POINT (127.82042979999932 34.95466800000024),KR
4402,7608909950,node,KR,generator,combustion,500.0,coal,steam_turbine,NULL,NULL,NULL,NULL,POINT (127.82080699999932 34.95387940000024),KR
4403,7608909951,node,KR,generator,combustion,500.0,coal,steam_turbine,NULL,NULL,NULL,NULL,POINT (127.82112259999931 34.95321950000024),KR
4404,7608909952,node,KR,generator,combustion,500.0,coal,steam_turbine,NULL,NULL,NULL,NULL,POINT (127.82174789999931 34.951912100000236),KR
4405,7608909953,node,KR,generator,combustion,500.0,coal,steam_turbine,NULL,NULL,NULL,NULL,POINT (127.8214678999993 34.952497500000234),KR
4406,7608909954,node,KR,generator,combustion,500.0,coal,steam_turbine,NULL,NULL,NULL,NULL,POINT (127.8220919999993 34.951192800000236),KR
4407,7608909955,node,KR,generator,combustion,500.0,coal,steam_turbine,NULL,NULL,NULL,NULL,POINT (127.8224300999993 34.950485700000236),KR
4411,7609563641,node,KR,generator,combustion,105.0,biomass,steam_turbine,NULL,NULL,NULL,NULL,POINT (126.78289169999935 36.957856700000285),KR
4412,7609585490,node,KR,generator,combustion,1000.0,coal,steam_turbine,NULL,NULL,NULL,NULL,POINT (126.48520949999936 36.3842717000003),KR
4413,7609585491,node,KR,generator,combustion,1000.0,coal,steam_turbine,NULL,NULL,NULL,NULL,POINT (126.48518799999935 36.3852391000003),KR
4416,7610843709,node,KR,generator,combustion,595.0,coal,steam_turbine,NULL,NULL,NULL,NULL,POINT (129.1475056999993 37.479234500000366),KR
4417,7610843710,node,KR,generator,combustion,595.0,coal,steam_turbine,NULL,NULL,NULL,NULL,POINT (129.1470336999993 37.47968570000037),KR
4418,7641971498,node,KR,generator,wind_turbine,0.0,wind,NULL,NULL,NULL,1,NULL,POINT (126.77335289999944 33.560537800000084),KR
4428,7740294557,node,KR,generator,wind_turbine,2.0,wind,horizontal_axis,NULL,NULL,10,NULL,POINT (128.72499670000056 37.746446399999854),KR
4431,7740294560,node,KR,generator,wind_turbine,2.0,wind,horizontal_axis,NULL,NULL,11,NULL,POINT (128.72138200000055 37.743896399999855),KR
4432,7740294561,node,KR,generator,wind_turbine,2.0,wind,horizontal_axis,NULL,NULL,12,NULL,POINT (128.72160700000055 37.738830299999854),KR
4433,7740294562,node,KR,generator,wind_turbine,2.0,wind,horizontal_axis,NULL,NULL,8,NULL,POINT (128.72427400000055 37.74864349999986),KR
4434,7740294563,node,KR,generator,wind_turbine,2.0,wind,horizontal_axis,NULL,NULL,7,NULL,POINT (128.72312210000055 37.750619399999856),KR
4435,7740294564,node,KR,generator,wind_turbine,2.0,wind,horizontal_axis,NULL,NULL,6,NULL,POINT (128.72249680000056 37.75265029999986),KR
4436,7740294565,node,KR,generator,wind_turbine,2.0,wind,horizontal_axis,NULL,NULL,5,NULL,POINT (128.72171280000055 37.754897999999855),KR
4437,7740294566,node,KR,generator,wind_turbine,2.0,wind,horizontal_axis,NULL,NULL,4,NULL,POINT (128.71807840000054 37.75549489999985),KR
4438,7740294567,node,KR,generator,wind_turbine,2.0,wind,horizontal_axis,NULL,NULL,3,NULL,POINT (128.71629890000054 37.757826199999855),KR
4439,7740294568,node,KR,generator,wind_turbine,2.0,wind,horizontal_axis,NULL,NULL,2,NULL,POINT (128.71383040000055 37.75922239999986),KR
4440,7740294569,node,KR,generator,wind_turbine,2.0,wind,horizontal_axis,NULL,NULL,1,NULL,POINT (128.71206780000054 37.76086779999986),KR
4441,7740294570,node,KR,generator,wind_turbine,2.0,wind,horizontal_axis,NULL,NULL,9,NULL,POINT (128.72800840000053 37.747806599999855),KR
4442,7740294571,node,KR,generator,wind_turbine,2.0,wind,horizontal_axis,NULL,NULL,13,NULL,POINT (128.73109060000053 37.746534699999856),KR
4443,7740294572,node,KR,generator,wind_turbine,2.0,wind,horizontal_axis,NULL,NULL,14,NULL,POINT (128.73932020000052 37.74110639999986),KR
4444,7740294573,node,KR,generator,wind_turbine,2.0,wind,horizontal_axis,NULL,NULL,15,NULL,POINT (128.74337790000052 37.74155349999986),KR
4445,7740294574,node,KR,generator,wind_turbine,2.0,wind,horizontal_axis,NULL,NULL,16,NULL,POINT (128.74345060000053 37.73951829999986),KR
4446,7740294575,node,KR,generator,wind_turbine,2.0,wind,horizontal_axis,NULL,NULL,17,NULL,POINT (128.74040990000051 37.739181799999855),KR
4447,7740294576,node,KR,generator,wind_turbine,2.0,wind,horizontal_axis,NULL,NULL,18,NULL,POINT (128.7426203000005 37.73641609999986),KR
4448,7740294577,node,KR,generator,wind_turbine,2.0,wind,horizontal_axis,NULL,NULL,19,NULL,POINT (128.7444780000005 37.73396209999986),KR
4449,7740294578,node,KR,generator,wind_turbine,2.0,wind,horizontal_axis,NULL,NULL,20,NULL,POINT (128.7443846000005 37.731475199999856),KR
4450,7740294579,node,KR,generator,wind_turbine,2.0,wind,horizontal_axis,NULL,NULL,21,NULL,POINT (128.7438657000005 37.727937599999855),KR
4451,7740294580,node,KR,generator,wind_turbine,2.0,wind,horizontal_axis,NULL,NULL,22,NULL,POINT (128.7451110000005 37.72627139999985),KR
4452,7740294581,node,KR,generator,wind_turbine,2.0,wind,horizontal_axis,NULL,NULL,23,NULL,POINT (128.7429628000005 37.724900599999856),KR
4453,7740294582,node,KR,generator,wind_turbine,2.0,wind,horizontal_axis,NULL,NULL,28,NULL,POINT (128.7420469000005 37.719661899999856),KR
4454,7740294583,node,KR,generator,wind_turbine,2.0,wind,horizontal_axis,NULL,NULL,26,NULL,POINT (128.7456839000005 37.72045729999986),KR
4455,7740294584,node,KR,generator,wind_turbine,2.0,wind,horizontal_axis,NULL,NULL,27,NULL,POINT (128.7448567000005 37.71868449999986),KR
4456,7740320485,node,KR,generator,wind_turbine,2.0,wind,horizontal_axis,NULL,NULL,29,NULL,POINT (128.73926480000048 37.717298599999864),KR
4457,7740320486,node,KR,generator,wind_turbine,2.0,wind,horizontal_axis,NULL,NULL,30,NULL,POINT (128.74045840000048 37.71469909999986),KR
4458,7740320487,node,KR,generator,wind_turbine,2.0,wind,horizontal_axis,NULL,NULL,31,NULL,POINT (128.74036840000048 37.71271009999986),KR
4459,7740320488,node,KR,generator,wind_turbine,2.0,wind,horizontal_axis,NULL,NULL,33,NULL,POINT (128.73785690000048 37.71064129999986),KR
4460,7740320489,node,KR,generator,wind_turbine,2.0,wind,horizontal_axis,NULL,NULL,32,NULL,POINT (128.74094950000048 37.709787399999854),KR
4461,7740320490,node,KR,generator,wind_turbine,2.0,wind,horizontal_axis,NULL,NULL,34,NULL,POINT (128.7418212000005 37.70680709999986),KR
4462,7740320491,node,KR,generator,wind_turbine,2.0,wind,horizontal_axis,NULL,NULL,25,NULL,POINT (128.73689180000048 37.724424499999856),KR
4463,7740320492,node,KR,generator,wind_turbine,2.0,wind,horizontal_axis,NULL,NULL,24,NULL,POINT (128.73540780000047 37.727297399999856),KR
4464,7740320493,node,KR,generator,wind_turbine,2.0,wind,horizontal_axis,NULL,NULL,41,NULL,POINT (128.70386040000048 37.72611019999986),KR
4465,7740320494,node,KR,generator,wind_turbine,2.0,wind,horizontal_axis,NULL,NULL,42,NULL,POINT (128.7078361000005 37.72359509999986),KR
4466,7740320495,node,KR,generator,wind_turbine,2.0,wind,horizontal_axis,NULL,NULL,43,NULL,POINT (128.7101597000005 37.72020459999986),KR
4467,7740320496,node,KR,generator,wind_turbine,2.0,wind,horizontal_axis,NULL,NULL,46,NULL,POINT (128.7114754000005 37.71844329999986),KR
4468,7740320497,node,KR,generator,wind_turbine,2.0,wind,horizontal_axis,NULL,NULL,47,NULL,POINT (128.71193570000048 37.716174899999864),KR
4469,7740320498,node,KR,generator,wind_turbine,2.0,wind,horizontal_axis,NULL,NULL,48,NULL,POINT (128.71266770000048 37.713929699999866),KR
4470,7740320499,node,KR,generator,wind_turbine,2.0,wind,horizontal_axis,NULL,NULL,49,NULL,POINT (128.71367710000047 37.711757199999866),KR
4471,7740320500,node,KR,generator,wind_turbine,2.0,wind,horizontal_axis,NULL,NULL,44,NULL,POINT (128.69912910000048 37.723874499999866),KR
4472,7740320501,node,KR,generator,wind_turbine,2.0,wind,horizontal_axis,NULL,NULL,45,NULL,POINT (128.69946970000046 37.72196129999987),KR
4473,7740320502,node,KR,generator,wind_turbine,2.0,wind,horizontal_axis,NULL,NULL,40,NULL,POINT (128.70119540000047 37.72969189999987),KR
4474,7740320503,node,KR,generator,wind_turbine,2.0,wind,horizontal_axis,NULL,NULL,39,NULL,POINT (128.69903530000047 37.73132969999987),KR
4475,7740320504,node,KR,generator,wind_turbine,2.0,wind,horizontal_axis,NULL,NULL,38,NULL,POINT (128.69814610000049 37.73357869999987),KR
4476,7740320505,node,KR,generator,wind_turbine,2.0,wind,horizontal_axis,NULL,NULL,37,NULL,POINT (128.6999518000005 37.735406199999865),KR
4477,7740320506,node,KR,generator,wind_turbine,2.0,wind,horizontal_axis,NULL,NULL,36,NULL,POINT (128.6972776000005 37.738013999999865),KR
4478,7740320507,node,KR,generator,wind_turbine,2.0,wind,horizontal_axis,NULL,NULL,35,NULL,POINT (128.6950101000005 37.741001799999864),KR
4503,7749861362,node,KR,generator,wind_turbine,2.0,wind,horizontal_axis,NULL,NULL,3,NULL,POINT (129.31346190000025 35.96084409999969),KR
4504,7749861364,node,KR,generator,wind_turbine,2.0,wind,horizontal_axis,NULL,NULL,2,NULL,POINT (129.31328390000024 35.96312019999969),KR
4505,7749861375,node,KR,generator,wind_turbine,2.0,wind,horizontal_axis,NULL,NULL,1,NULL,POINT (129.31209880000029 35.9644490999997),KR
4541,9395438140,node,KR,generator,wind_turbine,1.0,wind,horizontal_axis,NULL,NULL,2,NULL,POINT (126.58087580000073 37.29100619999997),KR
4542,9625221732,node,KR,generator,wind_turbine,2.0,wind,NULL,NULL,NULL,1,NULL,POINT (126.57392080000012 35.9728683),KR
4647,9644383434,node,KR,generator,wind_turbine,2.0,wind,horizontal_axis,NULL,NULL,1-5,NULL,POINT (126.83267409999989 33.444603),KR
4657,9664458828,node,KR,generator,wind_turbine,3.0,wind,horizontal_axis,NULL,NULL,7,NULL,POINT (126.66270050000033 33.36740050000039),KR
4658,9664458829,node,KR,generator,wind_turbine,3.0,wind,horizontal_axis,NULL,NULL,6,NULL,POINT (126.66531730000032 33.36690060000039),KR
4659,9664458830,node,KR,generator,wind_turbine,3.0,wind,horizontal_axis,NULL,NULL,5,NULL,POINT (126.66832870000033 33.364352600000394),KR
4660,9664458831,node,KR,generator,wind_turbine,3.0,wind,horizontal_axis,NULL,NULL,4,NULL,POINT (126.66720460000033 33.368734600000394),KR
4661,9664458832,node,KR,generator,wind_turbine,3.0,wind,horizontal_axis,NULL,NULL,3,NULL,POINT (126.67009530000033 33.3707492000004),KR
4662,9664458833,node,KR,generator,wind_turbine,3.0,wind,horizontal_axis,NULL,NULL,2,NULL,POINT (126.67006710000032 33.367905300000395),KR
4663,9664458834,node,KR,generator,wind_turbine,3.0,wind,horizontal_axis,NULL,NULL,1,NULL,POINT (126.67103590000032 33.36450010000039),KR
4739,9709988172,node,KR,generator,wind_turbine,1.0,wind,horizontal_axis,NULL,NULL,2,NULL,POINT (129.51702460000035 35.851780200000235),KR
4740,9709988173,node,KR,generator,wind_turbine,1.0,wind,horizontal_axis,NULL,NULL,1,NULL,POINT (129.51729720000034 35.85093960000024),KR
4785,9915802351,node,KR,generator,wind_turbine,1.0,wind,horizontal_axis,NULL,NULL,1,NULL,POINT (126.57745239999946 37.291917199999865),KR
4786,10038380346,node,KR,generator,wind_turbine,2.0,wind,horizontal_axis,NULL,NULL,1,NULL,POINT (128.28094829999998 37.60443),KR
4787,10038380347,node,KR,generator,wind_turbine,2.0,wind,horizontal_axis,NULL,NULL,2,NULL,POINT (128.2800945 37.606607299999915),KR
4788,10038380348,node,KR,generator,wind_turbine,2.0,wind,horizontal_axis,NULL,NULL,3,NULL,POINT (128.28005389999998 37.60861049999991),KR
4789,10038380349,node,KR,generator,wind_turbine,2.0,wind,horizontal_axis,NULL,NULL,4,NULL,POINT (128.27889689999998 37.610164),KR
4790,10038380350,node,KR,generator,wind_turbine,2.0,wind,horizontal_axis,NULL,NULL,14,NULL,POINT (128.2798906 37.59820269999991),KR
4791,10038380351,node,KR,generator,wind_turbine,2.0,wind,horizontal_axis,NULL,NULL,15,NULL,POINT (128.2791155 37.59647159999991),KR
4792,10038380352,node,KR,generator,wind_turbine,2.0,wind,horizontal_axis,NULL,NULL,16,NULL,POINT (128.2787832 37.59456039999991),KR
4793,10038380353,node,KR,generator,wind_turbine,2.0,wind,horizontal_axis,NULL,NULL,17,NULL,POINT (128.2798953 37.592109299999905),KR
4794,10038380354,node,KR,generator,wind_turbine,2.0,wind,horizontal_axis,NULL,NULL,18,NULL,POINT (128.2810576 37.590496299999906),KR
4795,10038380355,node,KR,generator,wind_turbine,2.0,wind,horizontal_axis,NULL,NULL,19,NULL,POINT (128.2817756 37.5883594999999),KR
4796,10038380356,node,KR,generator,wind_turbine,2.0,wind,horizontal_axis,NULL,NULL,20,NULL,POINT (128.2821226 37.586826299999906),KR
4797,10038380397,node,KR,generator,wind_turbine,2.0,wind,horizontal_axis,NULL,NULL,5,NULL,POINT (128.2790053000001 37.611932299999914),KR
4798,10038380398,node,KR,generator,wind_turbine,2.0,wind,horizontal_axis,NULL,NULL,6,NULL,POINT (128.2791398000001 37.613609299999915),KR
4799,10038380399,node,KR,generator,wind_turbine,2.0,wind,horizontal_axis,NULL,NULL,7,NULL,POINT (128.2802625000001 37.61513449999992),KR
4800,10038380400,node,KR,generator,wind_turbine,2.0,wind,horizontal_axis,NULL,NULL,8,NULL,POINT (128.2813673000001 37.61655749999992),KR
4801,10038380401,node,KR,generator,wind_turbine,2.0,wind,horizontal_axis,NULL,NULL,9,NULL,POINT (128.2828921000001 37.617927),KR
4802,10038380402,node,KR,generator,wind_turbine,2.0,wind,horizontal_axis,NULL,NULL,10,NULL,POINT (128.28265590000012 37.622255099999926),KR
4803,10038380403,node,KR,generator,wind_turbine,2.0,wind,horizontal_axis,NULL,NULL,11,NULL,POINT (128.2846941000001 37.62382519999993),KR
4804,10038380404,node,KR,generator,wind_turbine,2.0,wind,horizontal_axis,NULL,NULL,12,NULL,POINT (128.2862502000001 37.62545419999993),KR
4805,10038380405,node,KR,generator,wind_turbine,2.0,wind,horizontal_axis,NULL,NULL,13,NULL,POINT (128.2871699000001 37.627321799999926),KR
4806,10064273563,node,KR,generator,wind_turbine,2.0,wind,NULL,NULL,NULL,NULL,NULL,POINT (128.89337720000074 37.15216339999988),KR
4807,10064273564,node,KR,generator,wind_turbine,2.0,wind,NULL,NULL,NULL,NULL,NULL,POINT (128.89310360000073 37.15405749999988),KR
4808,10064273565,node,KR,generator,wind_turbine,2.0,wind,NULL,NULL,NULL,NULL,NULL,POINT (128.89267980000074 37.15581469999988),KR
4809,10064273566,node,KR,generator,wind_turbine,2.0,wind,NULL,NULL,NULL,NULL,NULL,POINT (128.89225600000074 37.15783689999988),KR
4810,10064273567,node,KR,generator,wind_turbine,2.0,wind,NULL,NULL,NULL,NULL,NULL,POINT (128.89267940000073 37.15954799999988),KR
4811,10064273568,node,KR,generator,wind_turbine,2.0,wind,NULL,NULL,NULL,NULL,NULL,POINT (128.88987420000072 37.16400169999988),KR
4812,10064273569,node,KR,generator,wind_turbine,2.0,wind,NULL,NULL,NULL,NULL,NULL,POINT (128.8886924000007 37.16614749999988),KR
4813,10064273570,node,KR,generator,wind_turbine,2.0,wind,NULL,NULL,NULL,NULL,NULL,POINT (128.8850832000007 37.16896419999988),KR
4814,10064273571,node,KR,generator,wind_turbine,2.0,wind,NULL,NULL,NULL,NULL,NULL,POINT (128.8778827000007 37.16863729999988),KR
4815,10064273572,node,KR,generator,wind_turbine,2.0,wind,NULL,NULL,NULL,NULL,NULL,POINT (128.8754933000007 37.16811969999988),KR
4816,10064273573,node,KR,generator,wind_turbine,2.0,wind,NULL,NULL,NULL,NULL,NULL,POINT (128.8730192000007 37.167712199999876),KR
4817,10064273574,node,KR,generator,wind_turbine,2.0,wind,NULL,NULL,NULL,NULL,NULL,POINT (128.8704282000007 37.16925539999988),KR
4818,10064273575,node,KR,generator,wind_turbine,2.0,wind,NULL,NULL,NULL,NULL,NULL,POINT (128.8681848000007 37.168931699999874),KR
4826,10198181474,node,KR,generator,combustion,105.0,biomass,steam_turbine,NULL,NULL,NULL,NULL,POINT (126.78413330000005 36.956589099999974),KR
4866,10821386803,node,KR,generator,wind_turbine,2.0,wind,horizontal_axis,NULL,NULL,NULL,NULL,POINT (128.51489600000065 37.40562770000008),KR
4867,10821386804,node,KR,generator,wind_turbine,2.0,wind,horizontal_axis,NULL,NULL,NULL,NULL,POINT (128.50485920000065 37.38383780000008),KR
4868,10821386805,node,KR,generator,wind_turbine,2.0,wind,horizontal_axis,NULL,NULL,NULL,NULL,POINT (128.50572290000065 37.38695680000008),KR
4869,10821386806,node,KR,generator,wind_turbine,2.0,wind,horizontal_axis,NULL,NULL,NULL,NULL,POINT (128.50651140000065 37.38831220000008),KR
4870,10821386807,node,KR,generator,wind_turbine,2.0,wind,horizontal_axis,NULL,NULL,NULL,NULL,POINT (128.50653830000064 37.39141940000008),KR
4871,10821386808,node,KR,generator,wind_turbine,2.0,wind,horizontal_axis,NULL,NULL,NULL,NULL,POINT (128.50704250000064 37.39277040000008),KR
4872,10821386809,node,KR,generator,wind_turbine,2.0,wind,horizontal_axis,NULL,NULL,NULL,NULL,POINT (128.50797590000064 37.394846),KR
4873,10821386810,node,KR,generator,wind_turbine,2.0,wind,horizontal_axis,NULL,NULL,NULL,NULL,POINT (128.51021830000064 37.39733490000008),KR
4874,10821386811,node,KR,generator,wind_turbine,2.0,wind,horizontal_axis,NULL,NULL,NULL,NULL,POINT (128.51188120000066 37.399312300000084),KR
4875,10821386812,node,KR,generator,wind_turbine,2.0,wind,horizontal_axis,NULL,NULL,NULL,NULL,POINT (128.51564700000065 37.403211600000084),KR
4876,10821386813,node,KR,generator,wind_turbine,2.0,wind,horizontal_axis,NULL,NULL,NULL,NULL,POINT (128.51244450000067 37.40175410000008),KR
4877,10821386814,node,KR,generator,wind_turbine,2.0,wind,horizontal_axis,NULL,NULL,NULL,NULL,POINT (128.51276100000067 37.40359930000008),KR
4878,10821386815,node,KR,generator,wind_turbine,2.0,wind,horizontal_axis,NULL,NULL,NULL,NULL,POINT (128.51170960000067 37.40668450000008),KR
4879,10821386816,node,KR,generator,wind_turbine,2.0,wind,horizontal_axis,NULL,NULL,NULL,NULL,POINT (128.51028530000067 37.40889390000008),KR
4880,10821386817,node,KR,generator,wind_turbine,2.0,wind,horizontal_axis,NULL,NULL,NULL,NULL,POINT (128.50794110000066 37.40857220000008),KR
4894,11034258801,node,KR,generator,wind_turbine,3.0,wind,horizontal_axis,NULL,NULL,NULL,NULL,POINT (128.95585170000035 37.25556260000004),KR
4895,11034258802,node,KR,generator,wind_turbine,3.0,wind,horizontal_axis,NULL,NULL,NULL,NULL,POINT (128.95566980000035 37.25380920000004),KR
4896,11034258803,node,KR,generator,wind_turbine,3.0,wind,horizontal_axis,NULL,NULL,NULL,NULL,POINT (128.95672860000036 37.25149450000004),KR
4897,11034258804,node,KR,generator,wind_turbine,3.0,wind,horizontal_axis,NULL,NULL,NULL,NULL,POINT (128.95724190000035 37.249629900000045),KR
4898,11034378305,node,KR,generator,wind_turbine,3.0,wind,horizontal_axis,NULL,NULL,NULL,NULL,POINT (128.95527390000038 37.24759630000004),KR
4899,11034378306,node,KR,generator,wind_turbine,3.0,wind,horizontal_axis,NULL,NULL,NULL,NULL,POINT (128.9569052000004 37.24588690000004),KR
4900,11034387513,node,KR,generator,wind_turbine,2.0,wind,NULL,NULL,NULL,8,NULL,POINT (128.97729060000034 37.215677800000044),KR
4901,11034392087,node,KR,generator,wind_turbine,4.0,wind,horizontal_axis,NULL,NULL,NULL,NULL,POINT (128.96565990000028 37.231491),KR
4902,11034392088,node,KR,generator,wind_turbine,4.0,wind,horizontal_axis,NULL,NULL,NULL,NULL,POINT (128.96761230000027 37.23337720000003),KR
4903,11034392089,node,KR,generator,wind_turbine,4.0,wind,horizontal_axis,NULL,NULL,NULL,NULL,POINT (128.96922940000027 37.23692950000003),KR
4904,11034392090,node,KR,generator,wind_turbine,4.0,wind,horizontal_axis,NULL,NULL,NULL,NULL,POINT (128.97179320000026 37.238069),KR
4905,11034392091,node,KR,generator,wind_turbine,4.0,wind,horizontal_axis,NULL,NULL,NULL,NULL,POINT (128.97471030000025 37.24340610000003),KR
4906,11035278153,node,KR,generator,wind_turbine,4.0,wind,horizontal_axis,NULL,NULL,NULL,NULL,POINT (128.95644720000055 37.221495),KR
4907,11035278154,node,KR,generator,wind_turbine,4.0,wind,horizontal_axis,NULL,NULL,NULL,NULL,POINT (128.96259260000056 37.222347200000065),KR
4908,11035278155,node,KR,generator,wind_turbine,4.0,wind,horizontal_axis,NULL,NULL,NULL,NULL,POINT (128.96471270000058 37.21966130000006),KR
4909,11035278156,node,KR,generator,wind_turbine,4.0,wind,horizontal_axis,NULL,NULL,NULL,NULL,POINT (128.96594370000057 37.216791),KR
4910,11035278157,node,KR,generator,wind_turbine,4.0,wind,horizontal_axis,NULL,NULL,NULL,NULL,POINT (128.96833220000056 37.21474),KR
4911,11035278158,node,KR,generator,wind_turbine,4.0,wind,horizontal_axis,NULL,NULL,NULL,NULL,POINT (128.96015480000057 37.22383480000006),KR
4912,11035278168,node,KR,generator,wind_turbine,4.0,wind,horizontal_axis,NULL,NULL,NULL,NULL,POINT (128.95805570000059 37.21768990000006),KR
4948,11050454722,node,KR,generator,wind_turbine,2.0,wind,NULL,NULL,NULL,1,NULL,POINT (128.998902 37.33855859999973),KR
4949,11050454723,node,KR,generator,wind_turbine,2.0,wind,NULL,NULL,NULL,3,NULL,POINT (128.9995176 37.34029989999973),KR
4950,11050454724,node,KR,generator,wind_turbine,2.0,wind,NULL,NULL,NULL,2,NULL,POINT (129.001481 37.34236829999973),KR
4951,11050454725,node,KR,generator,wind_turbine,2.0,wind,NULL,NULL,NULL,4,NULL,POINT (129.00183489999998 37.343707499999724),KR
4952,11050454726,node,KR,generator,wind_turbine,2.0,wind,NULL,NULL,NULL,5,NULL,POINT (129.00137639999997 37.34553059999973),KR
4953,11050454727,node,KR,generator,wind_turbine,2.0,wind,NULL,NULL,NULL,6,NULL,POINT (129.00354349999998 37.34506149999973),KR
4972,11773699193,node,KR,generator,wind_turbine,2.0,wind,horizontal_axis,NULL,NULL,8,NULL,POINT (129.00956580000025 37.34285629999996),KR
4973,11773699194,node,KR,generator,wind_turbine,2.0,wind,horizontal_axis,NULL,NULL,7,NULL,POINT (129.00917090000024 37.340661699999956),KR
4975,11773865847,node,KR,generator,wind_turbine,2.0,wind,wind_turbine,NULL,NULL,NULL,NULL,POINT (126.48431810000022 36.518415599999884),KR
4979,11871287543,node,KR,generator,wind_turbine,1.0,wind,horizontal_axis,NULL,NULL,1,NULL,POINT (128.49631009999933 38.02088739999992),KR
4980,11871287544,node,KR,generator,wind_turbine,1.0,wind,horizontal_axis,NULL,NULL,2,NULL,POINT (128.49578099999934 38.017166499999924),KR
4981,11871423619,node,KR,generator,wind_turbine,1.0,wind,NULL,NULL,NULL,1,NULL,POINT (129.4536215999993 35.526645699999925),KR
4982,11871423620,node,KR,generator,wind_turbine,0.0,wind,NULL,NULL,NULL,1,NULL,POINT (128.4891789999993 37.25868429999993),KR
4983,11871423621,node,KR,generator,wind_turbine,0.0,wind,NULL,NULL,NULL,2,NULL,POINT (128.4891428999993 37.25766719999993),KR
4984,11871423622,node,KR,generator,wind_turbine,0.0,wind,NULL,NULL,NULL,3,NULL,POINT (128.4892880999993 37.25629509999993),KR
4985,11871432990,node,KR,generator,wind_turbine,1.0,wind,NULL,NULL,NULL,1-1,NULL,POINT (128.3534920999993 38.20059589999993),KR
4986,11871432991,node,KR,generator,wind_turbine,1.0,wind,NULL,NULL,NULL,1-2,NULL,POINT (128.3550115999993 38.200213599999934),KR
4987,11871432992,node,KR,generator,wind_turbine,1.0,wind,NULL,NULL,NULL,1-3,NULL,POINT (128.3565314999993 38.200143099999934),KR
4988,11871432993,node,KR,generator,wind_turbine,0.0,wind,NULL,NULL,NULL,2-1,NULL,POINT (128.3564662999993 38.20119779999993),KR
4989,11871432994,node,KR,generator,wind_turbine,0.0,wind,NULL,NULL,NULL,2-2,NULL,POINT (128.35513429999932 38.201625499999935),KR
4990,11871432995,node,KR,generator,wind_turbine,0.0,wind,NULL,NULL,NULL,3-1,NULL,POINT (128.35427119999932 38.20221059999994),KR
4991,11871432996,node,KR,generator,wind_turbine,0.0,wind,NULL,NULL,NULL,3-2,NULL,POINT (128.35342219999933 38.202471),KR
4992,11871590628,node,KR,generator,wind_turbine,1.0,wind,NULL,NULL,NULL,1-7,NULL,POINT (128.96210529999945 37.21599729999989),KR
4993,11871590629,node,KR,generator,wind_turbine,1.0,wind,NULL,NULL,NULL,2-1,NULL,POINT (128.96151039999944 37.21666979999989),KR
4994,11871605323,node,KR,generator,wind_turbine,2.0,wind,NULL,NULL,NULL,1,NULL,POINT (126.41661999999944 34.76803359999989),KR
