,bus_id,station_id,voltage,dc,symbol,under_construction,tag_substation,tag_area,lon,lat,country,geometry,substation_lv
0,0,0,154000,False,substation,False,transmission,0.0,129.026,35.2372,KR,POINT (129.026 35.2372),True
1,1,0,345000,False,substation,False,transmission,0.0,129.027,35.2382,KR,POINT (129.027 35.2382),False
2,2,1,154000,False,substation,False,transmission,0.0,126.7878,36.4666,KR,POINT (126.7878 36.4666),True
3,3,1,345000,False,substation,False,transmission,0.0,126.7888,36.4676,KR,POINT (126.7888 36.4676),False
4,4,2,154000,False,substation,False,transmission,0.0,129.3962,35.9461,KR,POINT (129.3962 35.9461),True
5,5,2,345000,False,substation,False,transmission,0.0,129.3972,35.9471,KR,POINT (129.3972 35.9471),False
6,6,3,154000,False,substation,False,transmission,0.0,129.2147,35.6789,KR,POINT (129.2147 35.6789),True
7,7,3,345000,False,substation,False,transmission,0.0,129.2157,35.6799,KR,POINT (129.2157 35.6799),False
8,8,3,354000,False,substation,False,transmission,0.0,129.2167,35.6809,KR,POINT (129.2167 35.6809),False
9,9,4,145000,False,substation,False,transmission,0.0,129.3398,35.4809,KR,POINT (129.3398 35.4809),True
10,10,4,154000,False,substation,False,transmission,0.0,129.3408,35.4819,KR,POINT (129.3408 35.4819),False
11,11,4,345000,False,substation,False,transmission,0.0,129.3418,35.4829,KR,POINT (129.3418 35.4829),False
12,12,4,354000,False,substation,False,transmission,0.0,129.3428,35.4839,KR,POINT (129.3428 35.4839),False
13,13,5,154000,False,substation,False,transmission,0.0,129.2964,35.3276,KR,POINT (129.2964 35.3276),True
14,14,5,345000,False,substation,False,transmission,0.0,129.2974,35.3286,KR,POINT (129.2974 35.3286),False
15,15,5,765000,False,substation,False,transmission,0.0,129.2984,35.3296,KR,POINT (129.2984 35.3296),False
16,16,6,154000,False,substation,False,transmission,0.0,126.4177,35.4081,KR,POINT (126.4177 35.4081),True
17,17,6,345000,False,substation,False,transmission,0.0,126.4187,35.4091,KR,POINT (126.4187 35.4091),False
18,18,6,380000,False,substation,False,transmission,0.0,126.4197,35.4101,KR,POINT (126.4197 35.4101),False
19,19,7,154000,False,substation,False,transmission,0.0,129.3816,37.0899,KR,POINT (129.3816 37.0899),True
20,20,7,345000,False,substation,False,transmission,0.0,129.3826,37.0909,KR,POINT (129.3826 37.0909),False
21,21,7,380000,False,substation,False,transmission,0.0,129.3836,37.0919,KR,POINT (129.3836 37.0919),False
22,22,7,765000,False,substation,False,transmission,0.0,129.3846,37.0929,KR,POINT (129.3846 37.0929),False
23,23,8,154000,False,substation,False,transmission,0.0,127.5314,36.2944,KR,POINT (127.5314 36.2944),True
24,24,8,345000,False,substation,False,transmission,0.0,127.5324,36.2954,KR,POINT (127.5324 36.2954),False
25,25,9,154000,False,substation,False,transmission,0.0,127.1479,37.2335,KR,POINT (127.1479 37.2335),True
26,26,9,345000,False,substation,False,transmission,0.0,127.1489,37.2345,KR,POINT (127.1489 37.2345),False
27,27,9,354000,False,substation,False,transmission,0.0,127.1499,37.2355,KR,POINT (127.1499 37.2355),False
28,28,10,154000,False,substation,False,transmission,0.0,127.2596,37.0973,KR,POINT (127.2596 37.0973),True
29,29,10,345000,False,substation,False,transmission,0.0,127.2606,37.0983,KR,POINT (127.2606 37.0983),False
30,30,10,765000,False,substation,False,transmission,0.0,127.2616,37.0993,KR,POINT (127.2616 37.0993),False
31,31,11,154000,False,substation,False,transmission,0.0,127.0599,37.3778,KR,POINT (127.0599 37.3778),True
32,32,11,345000,False,substation,False,transmission,0.0,127.0609,37.3788,KR,POINT (127.0609 37.3788),False
33,33,12,154000,False,substation,False,transmission,0.0,127.2662,36.2432,KR,POINT (127.2662 36.2432),True
34,34,12,345000,False,substation,False,transmission,0.0,127.2672,36.2442,KR,POINT (127.2672 36.2442),False
35,35,13,154000,False,substation,False,transmission,0.0,126.8854,37.4642,KR,POINT (126.8854 37.4642),True
36,36,13,345000,False,substation,False,transmission,0.0,126.8864,37.4652,KR,POINT (126.8864 37.4652),False
37,37,14,154000,False,substation,False,transmission,0.0,126.9341,35.9397,KR,POINT (126.9341 35.9397),True
38,38,15,154000,False,substation,False,transmission,0.0,126.8743,35.9672,KR,POINT (126.8743 35.9672),True
39,39,15,345000,False,substation,False,transmission,0.0,126.8753,35.9682,KR,POINT (126.8753 35.9682),False
40,40,16,154000,False,substation,False,transmission,0.0,128.691,35.7349,KR,POINT (128.691 35.7349),True
41,41,16,345000,False,substation,False,transmission,0.0,128.692,35.7359,KR,POINT (128.692 35.7359),False
42,42,17,154000,False,substation,False,transmission,0.0,128.8341,35.8714,KR,POINT (128.8341 35.8714),True
43,43,17,345000,False,substation,False,transmission,0.0,128.8351,35.8724,KR,POINT (128.8351 35.8724),False
44,44,17,354000,False,substation,False,transmission,0.0,128.8361,35.8734,KR,POINT (128.8361 35.8734),False
45,45,18,154000,False,substation,False,transmission,0.0,128.403,35.734,KR,POINT (128.403 35.734),True
46,46,18,345000,False,substation,False,transmission,0.0,128.404,35.735,KR,POINT (128.404 35.735),False
47,47,19,154000,False,substation,False,transmission,0.0,129.4732,35.7146,KR,POINT (129.4732 35.7146),True
48,48,19,345000,False,substation,False,transmission,0.0,129.4742,35.7156,KR,POINT (129.4742 35.7156),False
49,49,20,154000,False,substation,False,transmission,0.0,128.4076,35.9664,KR,POINT (128.4076 35.9664),True
50,50,20,345000,False,substation,False,transmission,0.0,128.4086,35.9674,KR,POINT (128.4086 35.9674),False
51,51,21,154000,False,substation,False,transmission,0.0,127.2451,37.0221,KR,POINT (127.2451 37.0221),True
52,52,21,345000,False,substation,False,transmission,0.0,127.2461,37.0231,KR,POINT (127.2461 37.0231),False
53,53,22,154000,False,substation,False,transmission,0.0,128.9631,35.9896,KR,POINT (128.9631 35.9896),True
54,54,23,154000,False,substation,False,transmission,0.0,127.4613,36.5534,KR,POINT (127.4613 36.5534),True
55,55,23,345000,False,substation,False,transmission,0.0,127.4623,36.5544,KR,POINT (127.4623 36.5544),False
56,56,24,154000,False,substation,False,transmission,0.0,126.9192,35.2053,KR,POINT (126.9192 35.2053),True
57,57,24,345000,False,substation,False,transmission,0.0,126.9202,35.2063,KR,POINT (126.9202 35.2063),False
58,58,25,154000,False,substation,False,transmission,0.0,127.468,35.4508,KR,POINT (127.468 35.4508),True
59,59,25,345000,False,substation,False,transmission,0.0,127.469,35.4518,KR,POINT (127.469 35.4518),False
60,60,26,154000,False,substation,False,transmission,0.0,127.0151,35.752,KR,POINT (127.0151 35.752),True
61,61,26,345000,False,substation,False,transmission,0.0,127.0161,35.753,KR,POINT (127.0161 35.753),False
62,62,27,154000,False,substation,False,transmission,0.0,128.1255,35.3423,KR,POINT (128.1255 35.3423),True
63,63,27,345000,False,substation,False,transmission,0.0,128.1265,35.3433,KR,POINT (128.1265 35.3433),False
64,64,28,154000,False,substation,False,transmission,0.0,128.5237,35.2878,KR,POINT (128.5237 35.2878),True
65,65,28,345000,False,substation,False,transmission,0.0,128.5247,35.2888,KR,POINT (128.5247 35.2888),False
66,66,29,154000,False,substation,False,transmission,0.0,129.1642,35.2458,KR,POINT (129.1642 35.2458),True
67,67,29,345000,False,substation,False,transmission,0.0,129.1652,35.2468,KR,POINT (129.1652 35.2468),False
68,68,29,354000,False,substation,False,transmission,0.0,129.1662,35.2478,KR,POINT (129.1662 35.2478),False
69,69,30,154000,False,substation,False,transmission,0.0,128.7902,35.2179,KR,POINT (128.7902 35.2179),True
70,70,30,345000,False,substation,False,transmission,0.0,128.7912,35.2189,KR,POINT (128.7912 35.2189),False
71,71,31,154000,False,substation,False,transmission,0.0,127.6229,34.9711,KR,POINT (127.6229 34.9711),True
72,72,31,345000,False,substation,False,transmission,0.0,127.6239,34.9721,KR,POINT (127.6239 34.9721),False
73,73,32,154000,False,substation,False,transmission,0.0,127.5036,34.9382,KR,POINT (127.5036 34.9382),True
74,74,33,154000,False,substation,False,transmission,0.0,126.9128,37.311,KR,POINT (126.9128 37.311),True
75,75,33,345000,False,substation,False,transmission,0.0,126.9138,37.312,KR,POINT (126.9138 37.312),False
76,76,34,154000,False,substation,False,transmission,0.0,126.8841,37.1421,KR,POINT (126.8841 37.1421),True
77,77,34,345000,False,substation,False,transmission,0.0,126.8851,37.1431,KR,POINT (126.8851 37.1431),False
78,78,35,154000,False,substation,False,transmission,0.0,127.0081,36.8766,KR,POINT (127.0081 36.8766),True
79,79,35,345000,False,substation,False,transmission,0.0,127.0091,36.8776,KR,POINT (127.0091 36.8776),False
80,80,36,154000,False,substation,False,transmission,0.0,126.7638,37.3511,KR,POINT (126.7638 37.3511),True
81,81,36,345000,False,substation,False,transmission,0.0,126.7648,37.3521,KR,POINT (126.7648 37.3521),False
82,82,37,154000,False,substation,False,transmission,0.0,127.3861,36.8217,KR,POINT (127.3861 36.8217),True
83,83,37,345000,False,substation,False,transmission,0.0,127.3871,36.8227,KR,POINT (127.3871 36.8227),False
84,84,38,154000,False,substation,False,transmission,0.0,126.9238,36.7895,KR,POINT (126.9238 36.7895),True
85,85,38,345000,False,substation,False,transmission,0.0,126.9248,36.7905,KR,POINT (126.9248 36.7905),False
86,86,39,154000,False,substation,False,transmission,0.0,126.6425,36.7695,KR,POINT (126.6425 36.7695),True
87,87,39,345000,False,substation,False,transmission,0.0,126.6435,36.7705,KR,POINT (126.6435 36.7705),False
88,88,39,765000,False,substation,False,transmission,0.0,126.6445,36.7715,KR,POINT (126.6445 36.7715),False
89,89,40,154000,False,substation,False,transmission,0.0,127.1615,37.5041,KR,POINT (127.1615 37.5041),True
90,90,40,345000,False,substation,False,transmission,0.0,127.1625,37.5051,KR,POINT (127.1625 37.5051),False
91,91,41,154000,False,substation,False,transmission,0.0,127.1753,37.6091,KR,POINT (127.1753 37.6091),True
92,92,41,345000,False,substation,False,transmission,0.0,127.1763,37.6101,KR,POINT (127.1763 37.6101),False
93,93,42,154000,False,substation,False,transmission,0.0,126.8958,37.6695,KR,POINT (126.8958 37.6695),True
94,94,42,345000,False,substation,False,transmission,0.0,126.8968,37.6705,KR,POINT (126.8968 37.6705),False
95,95,43,154000,False,substation,False,transmission,0.0,128.5685,36.7752,KR,POINT (128.5685 36.7752),True
96,96,43,345000,False,substation,False,transmission,0.0,128.5695,36.7762,KR,POINT (128.5695 36.7762),False
97,97,44,345000,False,substation,False,transmission,0.0,128.962,37.2561,KR,POINT (128.962 37.2561),True
98,98,44,765000,False,substation,False,transmission,0.0,128.963,37.2571,KR,POINT (128.963 37.2571),False
99,99,45,154000,False,substation,False,transmission,0.0,127.1101,36.1777,KR,POINT (127.1101 36.1777),True
100,100,46,345000,False,substation,False,transmission,0.0,127.5047,37.6189,KR,POINT (127.5047 37.6189),True
101,101,46,765000,False,substation,False,transmission,0.0,127.5057,37.6199,KR,POINT (127.5057 37.6199),False
102,102,47,154000,False,substation,False,transmission,0.0,126.9336,34.9642,KR,POINT (126.9336 34.9642),True
103,103,47,345000,False,substation,False,transmission,0.0,126.9346,34.9652,KR,POINT (126.9346 34.9652),False
104,104,48,154000,False,substation,False,transmission,0.0,126.7017,34.7287,KR,POINT (126.7017 34.7287),True
105,105,48,345000,False,substation,False,transmission,0.0,126.7027,34.7297,KR,POINT (126.7027 34.7297),False
106,106,49,154000,False,substation,False,transmission,0.0,128.5421,38.0153,KR,POINT (128.5421 38.0153),True
107,107,49,345000,False,substation,False,transmission,0.0,128.5431,38.0163,KR,POINT (128.5431 38.0163),False
108,108,49,354000,False,substation,False,transmission,0.0,128.5441,38.0173,KR,POINT (128.5441 38.0173),False
109,109,50,154000,False,substation,False,transmission,0.0,129.1009,37.4934,KR,POINT (129.1009 37.4934),True
110,110,50,345000,False,substation,False,transmission,0.0,129.1019,37.4944,KR,POINT (129.1019 37.4944),False
111,111,51,154000,False,substation,False,transmission,0.0,128.2138,37.1723,KR,POINT (128.2138 37.1723),True
112,112,51,345000,False,substation,False,transmission,0.0,128.2148,37.1733,KR,POINT (128.2148 37.1733),False
113,113,52,154000,False,substation,False,transmission,0.0,127.3394,37.3741,KR,POINT (127.3394 37.3741),True
114,114,52,345000,False,substation,False,transmission,0.0,127.3404,37.3751,KR,POINT (127.3404 37.3751),False
115,115,53,154000,False,substation,False,transmission,0.0,126.7582,37.7116,KR,POINT (126.7582 37.7116),True
116,116,53,345000,False,substation,False,transmission,0.0,126.7592,37.7126,KR,POINT (126.7592 37.7126),False
117,117,54,154000,False,substation,False,transmission,0.0,126.785,37.8122,KR,POINT (126.785 37.8122),True
118,118,54,345000,False,substation,False,transmission,0.0,126.786,37.8132,KR,POINT (126.786 37.8132),False
119,119,55,154000,False,substation,False,transmission,0.0,127.1575,37.9487,KR,POINT (127.1575 37.9487),True
120,120,55,345000,False,substation,False,transmission,0.0,127.1585,37.9497,KR,POINT (127.1585 37.9497),False
121,121,56,154000,False,substation,False,transmission,0.0,127.0108,37.031,KR,POINT (127.0108 37.031),True
122,122,57,154000,False,substation,False,transmission,0.0,128.8773,35.4137,KR,POINT (128.8773 35.4137),True
123,123,58,154000,False,substation,False,transmission,0.0,126.8803,37.5371,KR,POINT (126.8803 37.5371),True
124,124,58,345000,False,substation,False,transmission,0.0,126.8813,37.5381,KR,POINT (126.8813 37.5381),False
125,125,59,345000,False,substation,False,transmission,0.0,128.8651,35.0984,KR,POINT (128.8651 35.0984),True
126,126,60,345000,False,substation,False,transmission,0.0,129.3934,35.652,KR,POINT (129.3934 35.652),True
127,127,61,154000,False,substation,False,transmission,0.0,127.7126,34.8298,KR,POINT (127.7126 34.8298),True
128,128,61,345000,False,substation,False,transmission,0.0,127.7136,34.8308,KR,POINT (127.7136 34.8308),False
129,129,62,154000,False,substation,False,transmission,0.0,126.6944,37.4885,KR,POINT (126.6944 37.4885),True
130,130,62,345000,False,substation,False,transmission,0.0,126.6954,37.4895,KR,POINT (126.6954 37.4895),False
131,131,63,154000,False,substation,False,transmission,0.0,127.0923,37.7433,KR,POINT (127.0923 37.7433),True
132,132,63,345000,False,substation,False,transmission,0.0,127.0933,37.7443,KR,POINT (127.0933 37.7443),False
133,133,64,154000,False,substation,False,transmission,0.0,128.1161,34.9184,KR,POINT (128.1161 34.9184),True
134,134,64,345000,False,substation,False,transmission,0.0,128.1171,34.9194,KR,POINT (128.1171 34.9194),False
135,135,65,154000,False,substation,False,transmission,0.0,128.433,36.1623,KR,POINT (128.433 36.1623),True
136,136,65,345000,False,substation,False,transmission,0.0,128.434,36.1633,KR,POINT (128.434 36.1633),False
137,137,66,154000,False,substation,False,transmission,0.0,128.4919,37.1623,KR,POINT (128.4919 37.1623),True
138,138,67,154000,False,substation,False,transmission,0.0,127.353,36.7577,KR,POINT (127.353 36.7577),True
139,139,67,345000,False,substation,False,transmission,0.0,127.354,36.7587,KR,POINT (127.354 36.7587),False
140,140,67,765000,False,substation,False,transmission,0.0,127.355,36.7597,KR,POINT (127.355 36.7597),False
141,141,68,345000,False,substation,False,transmission,0.0,128.5538,35.6149,KR,POINT (128.5538 35.6149),True
142,142,68,765000,False,substation,False,transmission,0.0,128.5548,35.6159,KR,POINT (128.5548 35.6159),False
143,143,69,154000,False,substation,False,transmission,0.0,126.6322,35.9666,KR,POINT (126.6322 35.9666),True
144,144,69,345000,False,substation,False,transmission,0.0,126.6332,35.9676,KR,POINT (126.6332 35.9676),False
145,145,70,154000,False,substation,False,transmission,0.0,127.3263,36.5131,KR,POINT (127.3263 36.5131),True
146,146,70,345000,False,substation,False,transmission,0.0,127.3273,36.5141,KR,POINT (127.3273 36.5141),False
147,147,71,154000,False,substation,False,transmission,0.0,126.5861,36.8518,KR,POINT (126.5861 36.8518),True
148,148,71,345000,False,substation,False,transmission,0.0,126.5871,36.8528,KR,POINT (126.5871 36.8528),False
149,149,72,154000,False,substation,False,transmission,0.0,127.0596,36.8287,KR,POINT (127.0596 36.8287),True
150,150,72,345000,False,substation,False,transmission,0.0,127.0606,36.8297,KR,POINT (127.0606 36.8297),False
151,151,73,154000,False,substation,False,transmission,0.0,129.3923,35.9978,KR,POINT (129.3923 35.9978),True
152,152,73,345000,False,substation,False,transmission,0.0,129.3933,35.9988,KR,POINT (129.3933 35.9988),False
153,153,74,154000,False,substation,False,transmission,0.0,129.2384,36.0819,KR,POINT (129.2384 36.0819),True
154,154,74,345000,False,substation,False,transmission,0.0,129.2394,36.0829,KR,POINT (129.2394 36.0829),False
155,155,75,154000,False,substation,False,transmission,0.0,126.6423,37.632,KR,POINT (126.6423 37.632),True
156,156,75,345000,False,substation,False,transmission,0.0,126.6433,37.633,KR,POINT (126.6433 37.633),False
157,157,76,154000,False,substation,False,transmission,0.0,127.0334,37.5761,KR,POINT (127.0334 37.5761),True
158,158,76,345000,False,substation,False,transmission,0.0,127.0344,37.5771,KR,POINT (127.0344 37.5771),False
159,159,77,154000,False,substation,False,transmission,0.0,128.6719,36.3413,KR,POINT (128.6719 36.3413),True
160,160,78,345000,False,substation,False,transmission,0.0,129.0155,36.406,KR,POINT (129.0155 36.406),True
161,161,79,345000,False,substation,False,transmission,0.0,127.7767,35.2557,KR,POINT (127.7767 35.2557),True
162,162,80,154000,False,substation,False,transmission,0.0,128.6414,35.2222,KR,POINT (128.6414 35.2222),True
163,163,80,345000,False,substation,False,transmission,0.0,128.6424,35.2232,KR,POINT (128.6424 35.2232),False
164,164,81,154000,False,substation,False,transmission,0.0,129.0074,35.162,KR,POINT (129.0074 35.162),True
165,165,81,345000,False,substation,False,transmission,0.0,129.0084,35.163,KR,POINT (129.0084 35.163),False
166,166,82,345000,False,substation,False,transmission,0.0,129.0933,35.1478,KR,POINT (129.0933 35.1478),True
167,167,83,154000,False,substation,False,transmission,0.0,126.7449,37.5273,KR,POINT (126.7449 37.5273),True
168,168,83,345000,False,substation,False,transmission,0.0,126.7459,37.5283,KR,POINT (126.7459 37.5283),False
169,169,84,154000,False,substation,False,transmission,0.0,126.7746,36.9586,KR,POINT (126.7746 36.9586),True
170,170,84,345000,False,substation,False,transmission,0.0,126.7756,36.9596,KR,POINT (126.7756 36.9596),False
171,171,85,154000,False,substation,False,transmission,0.0,127.1472,37.3527,KR,POINT (127.1472 37.3527),True
172,172,85,345000,False,substation,False,transmission,0.0,127.1482,37.3537,KR,POINT (127.1482 37.3537),False
173,173,86,154000,False,substation,False,transmission,0.0,126.7792,34.8123,KR,POINT (126.7792 34.8123),True
174,174,87,154000,False,substation,False,transmission,0.0,127.429,34.947,KR,POINT (127.429 34.947),True
175,175,88,154000,False,substation,False,transmission,0.0,127.0514,37.4993,KR,POINT (127.0514 37.4993),True
176,176,88,345000,False,substation,False,transmission,0.0,127.0524,37.5003,KR,POINT (127.0524 37.5003),False
177,177,89,154000,False,substation,False,transmission,0.0,128.514,35.8097,KR,POINT (128.514 35.8097),True
178,178,90,154000,False,substation,False,transmission,0.0,127.3937,36.4024,KR,POINT (127.3937 36.4024),True
179,179,91,154000,False,substation,False,transmission,0.0,127.3413,36.9461,KR,POINT (127.3413 36.9461),True
180,180,91,345000,False,substation,False,transmission,0.0,127.3423,36.9471,KR,POINT (127.3423 36.9471),False
181,181,92,765000,False,substation,False,transmission,0.0,127.3095,36.7095,KR,POINT (127.3095 36.7095),True
182,182,93,154000,False,substation,False,transmission,0.0,128.5612,38.1846,KR,POINT (128.5612 38.1846),True
183,183,94,154000,False,substation,False,transmission,0.0,126.8262,36.733,KR,POINT (126.8262 36.733),True
184,184,95,154000,False,substation,False,transmission,0.0,127.2169,36.7027,KR,POINT (127.2169 36.7027),True
185,185,96,154000,False,substation,False,transmission,0.0,127.1271,36.7805,KR,POINT (127.1271 36.7805),True
186,186,97,154000,False,substation,False,transmission,0.0,127.212,36.8857,KR,POINT (127.212 36.8857),True
187,187,98,154000,False,substation,False,transmission,0.0,126.8225,37.0047,KR,POINT (126.8225 37.0047),True
188,188,98,345000,False,substation,False,transmission,0.0,126.8235,37.0057,KR,POINT (126.8235 37.0057),False
189,189,99,154000,False,substation,False,transmission,0.0,127.274,38.0501,KR,POINT (127.274 38.0501),True
190,190,100,154000,False,substation,False,transmission,0.0,127.222,37.9168,KR,POINT (127.222 37.9168),True
191,191,101,154000,False,substation,False,transmission,0.0,129.2951,36.0291,KR,POINT (129.2951 36.0291),True
192,192,101,345000,False,substation,False,transmission,0.0,129.2961,36.0301,KR,POINT (129.2961 36.0301),False
193,193,102,154000,False,substation,False,transmission,0.0,129.3483,35.7304,KR,POINT (129.3483 35.7304),True
194,194,102,345000,False,substation,False,transmission,0.0,129.3493,35.7314,KR,POINT (129.3493 35.7314),False
195,195,102,354000,False,substation,False,transmission,0.0,129.3503,35.7324,KR,POINT (129.3503 35.7324),False
196,196,103,154000,False,substation,False,transmission,0.0,129.2465,35.645,KR,POINT (129.2465 35.645),True
197,197,104,154000,False,substation,False,transmission,0.0,129.2942,35.5711,KR,POINT (129.2942 35.5711),True
198,198,105,154000,False,substation,False,transmission,0.0,126.482,35.376,KR,POINT (126.482 35.376),True
199,199,106,154000,False,substation,False,transmission,0.0,127.3152,36.3797,KR,POINT (127.3152 36.3797),True
200,200,107,154000,False,substation,False,transmission,0.0,126.4914,36.3976,KR,POINT (126.4914 36.3976),True
201,201,107,345000,False,substation,False,transmission,0.0,126.4924,36.3986,KR,POINT (126.4924 36.3986),False
202,202,108,345000,False,substation,False,transmission,0.0,128.9216,37.6469,KR,POINT (128.9216 37.6469),True
203,203,109,154000,False,substation,False,transmission,0.0,127.0867,36.9196,KR,POINT (127.0867 36.9196),True
204,204,110,154000,False,substation,False,transmission,0.0,126.5179,37.0503,KR,POINT (126.5179 37.0503),True
205,205,110,765000,False,substation,False,transmission,0.0,126.5189,37.0513,KR,POINT (126.5189 37.0513),False
206,206,111,154000,False,substation,False,transmission,0.0,128.5161,38.2069,KR,POINT (128.5161 38.2069),True
207,207,112,154000,False,substation,False,transmission,0.0,129.0347,35.3312,KR,POINT (129.0347 35.3312),True
208,208,113,154000,False,substation,False,transmission,0.0,127.413,36.7172,KR,POINT (127.413 36.7172),True
209,209,114,154000,False,substation,False,transmission,0.0,127.271,36.9737,KR,POINT (127.271 36.9737),True
210,210,115,154000,False,substation,False,transmission,0.0,128.835,37.7916,KR,POINT (128.835 37.7916),True
211,211,116,154000,False,substation,False,transmission,0.0,127.3973,36.6811,KR,POINT (127.3973 36.6811),True
212,212,117,154000,False,substation,False,transmission,0.0,127.4285,36.9861,KR,POINT (127.4285 36.9861),True
213,213,118,154000,False,substation,False,transmission,0.0,126.4201,36.9813,KR,POINT (126.4201 36.9813),True
214,214,119,154000,False,substation,False,transmission,0.0,128.6971,34.8669,KR,POINT (128.6971 34.8669),True
215,215,120,154000,False,substation,False,transmission,0.0,126.6537,33.3667,KR,POINT (126.6537 33.3667),True
216,216,121,154000,False,substation,False,transmission,0.0,126.8554,33.4433,KR,POINT (126.8554 33.4433),True
217,217,122,154000,False,substation,False,transmission,0.0,126.6422,33.4728,KR,POINT (126.6422 33.4728),True
218,218,123,154000,False,substation,False,transmission,0.0,126.3587,33.2912,KR,POINT (126.3587 33.2912),True
219,219,124,154000,False,substation,False,transmission,0.0,126.4851,33.4693,KR,POINT (126.4851 33.4693),True
220,220,124,250000,True,substation,False,transmission,0.0,126.4861,33.4703,KR,POINT (126.4861 33.4703),False
221,221,125,154000,False,substation,False,transmission,0.0,126.5962,33.4781,KR,POINT (126.5962 33.4781),True
222,222,126,154000,False,substation,False,transmission,0.0,126.5557,33.5023,KR,POINT (126.5557 33.5023),True
223,223,127,154000,False,substation,False,transmission,0.0,126.3713,33.3436,KR,POINT (126.3713 33.3436),True
224,224,128,154000,False,substation,False,transmission,0.0,128.4745,35.8464,KR,POINT (128.4745 35.8464),True
225,225,129,154000,False,substation,False,transmission,0.0,126.5114,33.2782,KR,POINT (126.5114 33.2782),True
226,226,130,154000,False,substation,False,transmission,0.0,128.6344,35.8257,KR,POINT (128.6344 35.8257),True
227,227,131,154000,False,substation,False,transmission,0.0,128.3792,35.7885,KR,POINT (128.3792 35.7885),True
228,228,132,154000,False,substation,False,transmission,0.0,128.2974,35.9314,KR,POINT (128.2974 35.9314),True
229,229,133,345000,False,substation,False,transmission,0.0,127.788,36.1415,KR,POINT (127.788 36.1415),True
230,230,134,154000,False,substation,False,transmission,0.0,127.3205,36.2812,KR,POINT (127.3205 36.2812),True
231,231,135,154000,False,substation,False,transmission,0.0,126.994,37.407,KR,POINT (126.994 37.407),True
232,232,135,345000,False,substation,False,transmission,0.0,126.995,37.408,KR,POINT (126.995 37.408),False
233,233,136,154000,False,substation,False,transmission,0.0,126.969,37.3099,KR,POINT (126.969 37.3099),True
234,234,137,154000,False,substation,False,transmission,0.0,127.0539,37.3135,KR,POINT (127.0539 37.3135),True
235,235,138,154000,False,substation,False,transmission,0.0,126.5841,36.3815,KR,POINT (126.5841 36.3815),True
236,236,139,154000,False,substation,False,transmission,0.0,127.0515,35.8337,KR,POINT (127.0515 35.8337),True
237,237,139,345000,False,substation,False,transmission,0.0,127.0525,35.8347,KR,POINT (127.0525 35.8347),False
238,238,140,154000,False,substation,False,transmission,0.0,128.8312,35.7524,KR,POINT (128.8312 35.7524),True
239,239,140,345000,False,substation,False,transmission,0.0,128.8322,35.7534,KR,POINT (128.8322 35.7534),False
240,240,141,154000,False,substation,False,transmission,0.0,129.1546,35.5674,KR,POINT (129.1546 35.5674),True
241,241,141,345000,False,substation,False,transmission,0.0,129.1556,35.5684,KR,POINT (129.1556 35.5684),False
242,242,142,345000,False,substation,False,transmission,0.0,128.6093,35.7283,KR,POINT (128.6093 35.7283),True
243,243,143,154000,False,substation,False,transmission,0.0,129.4137,35.7628,KR,POINT (129.4137 35.7628),True
244,244,143,345000,False,substation,False,transmission,0.0,129.4147,35.7638,KR,POINT (129.4147 35.7638),False
245,245,144,154000,False,substation,False,transmission,0.0,128.5309,35.9506,KR,POINT (128.5309 35.9506),True
246,246,144,345000,False,substation,False,transmission,0.0,128.5319,35.9516,KR,POINT (128.5319 35.9516),False
247,247,145,154000,False,substation,False,transmission,0.0,127.4539,35.7806,KR,POINT (127.4539 35.7806),True
248,248,146,345000,False,substation,False,transmission,0.0,127.3326,35.4834,KR,POINT (127.3326 35.4834),True
249,249,147,154000,False,substation,False,transmission,0.0,128.6904,35.4141,KR,POINT (128.6904 35.4141),True
250,250,148,154000,False,substation,False,transmission,0.0,128.5555,35.1718,KR,POINT (128.5555 35.1718),True
251,251,149,154000,False,substation,False,transmission,0.0,128.8916,35.2298,KR,POINT (128.8916 35.2298),True
252,252,150,154000,False,substation,False,transmission,0.0,128.9724,35.3253,KR,POINT (128.9724 35.3253),True
253,253,151,154000,False,substation,False,transmission,0.0,127.8188,34.9568,KR,POINT (127.8188 34.9568),True
254,254,151,345000,False,substation,False,transmission,0.0,127.8198,34.9578,KR,POINT (127.8198 34.9578),False
255,255,152,154000,False,substation,False,transmission,0.0,126.9327,36.4724,KR,POINT (126.9327 36.4724),True
256,256,153,154000,False,substation,False,transmission,0.0,127.5673,34.8974,KR,POINT (127.5673 34.8974),True
257,257,153,345000,False,substation,False,transmission,0.0,127.5683,34.8984,KR,POINT (127.5683 34.8984),False
258,258,154,154000,False,substation,False,transmission,0.0,127.4414,35.0388,KR,POINT (127.4414 35.0388),True
259,259,155,154000,False,substation,False,transmission,0.0,127.5823,36.3107,KR,POINT (127.5823 36.3107),True
260,260,156,154000,False,substation,False,transmission,0.0,127.1609,36.4815,KR,POINT (127.1609 36.4815),True
261,261,157,345000,False,substation,False,transmission,0.0,127.5268,35.0084,KR,POINT (127.5268 35.0084),True
262,262,158,154000,False,substation,False,transmission,0.0,127.6756,34.9693,KR,POINT (127.6756 34.9693),True
263,263,159,154000,False,substation,False,transmission,0.0,128.2789,35.3144,KR,POINT (128.2789 35.3144),True
264,264,160,154000,False,substation,False,transmission,0.0,128.0566,35.1951,KR,POINT (128.0566 35.1951),True
265,265,161,154000,False,substation,False,transmission,0.0,126.855,37.3763,KR,POINT (126.855 37.3763),True
266,266,161,345000,False,substation,False,transmission,0.0,126.856,37.3773,KR,POINT (126.856 37.3773),False
267,267,162,154000,False,substation,False,transmission,0.0,127.2429,37.308,KR,POINT (127.2429 37.308),True
268,268,163,154000,False,substation,False,transmission,0.0,129.1763,35.4065,KR,POINT (129.1763 35.4065),True
269,269,163,345000,False,substation,False,transmission,0.0,129.1773,35.4075,KR,POINT (129.1773 35.4075),False
270,270,164,154000,False,substation,False,transmission,0.0,127.4433,36.6066,KR,POINT (127.4433 36.6066),True
271,271,165,154000,False,substation,False,transmission,0.0,127.4653,36.3431,KR,POINT (127.4653 36.3431),True
272,272,166,345000,False,substation,False,transmission,0.0,126.7523,36.7863,KR,POINT (126.7523 36.7863),True
273,273,167,154000,False,substation,False,transmission,0.0,127.0448,36.7621,KR,POINT (127.0448 36.7621),True
274,274,168,154000,False,substation,False,transmission,0.0,127.211,37.3742,KR,POINT (127.211 37.3742),True
275,275,169,154000,False,substation,False,transmission,0.0,127.2799,37.522,KR,POINT (127.2799 37.522),True
276,276,170,154000,False,substation,False,transmission,0.0,127.2277,37.5441,KR,POINT (127.2277 37.5441),True
277,277,170,345000,False,substation,False,transmission,0.0,127.2287,37.5451,KR,POINT (127.2287 37.5451),False
278,278,171,154000,False,substation,False,transmission,0.0,127.162,37.4176,KR,POINT (127.162 37.4176),True
279,279,172,154000,False,substation,False,transmission,0.0,127.044,36.2204,KR,POINT (127.044 36.2204),True
280,280,173,154000,False,substation,False,transmission,0.0,127.2422,36.1956,KR,POINT (127.2422 36.1956),True
281,281,174,154000,False,substation,False,transmission,0.0,127.0263,37.8196,KR,POINT (127.0263 37.8196),True
282,282,175,154000,False,substation,False,transmission,0.0,126.9041,37.6001,KR,POINT (126.9041 37.6001),True
283,283,175,345000,False,substation,False,transmission,0.0,126.9051,37.6011,KR,POINT (126.9051 37.6011),False
284,284,176,154000,False,substation,False,transmission,0.0,127.0454,37.6223,KR,POINT (127.0454 37.6223),True
285,285,176,345000,False,substation,False,transmission,0.0,127.0464,37.6233,KR,POINT (127.0464 37.6233),False
286,286,177,154000,False,substation,False,transmission,0.0,127.0139,37.7606,KR,POINT (127.0139 37.7606),True
287,287,178,154000,False,substation,False,transmission,0.0,127.488,37.7418,KR,POINT (127.488 37.7418),True
288,288,179,154000,False,substation,False,transmission,0.0,127.2351,37.8002,KR,POINT (127.2351 37.8002),True
289,289,179,345000,False,substation,False,transmission,0.0,127.2361,37.8012,KR,POINT (127.2361 37.8012),False
290,290,180,154000,False,substation,False,transmission,0.0,128.798,35.9225,KR,POINT (128.798 35.9225),True
291,291,181,154000,False,substation,False,transmission,0.0,128.5388,35.9976,KR,POINT (128.5388 35.9976),True
292,292,182,154000,False,substation,False,transmission,0.0,128.8965,35.9675,KR,POINT (128.8965 35.9675),True
293,293,183,154000,False,substation,False,transmission,0.0,128.9835,37.733,KR,POINT (128.9835 37.733),True
294,294,184,154000,False,substation,False,transmission,0.0,127.4,37.2635,KR,POINT (127.4 37.2635),True
295,295,185,345000,False,substation,False,transmission,0.0,127.7833,37.1926,KR,POINT (127.7833 37.1926),True
296,296,186,345000,False,substation,False,transmission,0.0,129.2415,37.3173,KR,POINT (129.2415 37.3173),True
297,297,187,154000,False,substation,False,transmission,0.0,127.289,37.4119,KR,POINT (127.289 37.4119),True
298,298,188,154000,False,substation,False,transmission,0.0,128.5298,35.5714,KR,POINT (128.5298 35.5714),True
299,299,189,154000,False,substation,False,transmission,0.0,128.5426,35.3576,KR,POINT (128.5426 35.3576),True
300,300,190,154000,False,substation,False,transmission,0.0,128.4531,35.6541,KR,POINT (128.4531 35.6541),True
301,301,191,154000,False,substation,False,transmission,0.0,128.4636,35.7286,KR,POINT (128.4636 35.7286),True
302,302,192,154000,False,substation,False,transmission,0.0,128.5354,35.4456,KR,POINT (128.5354 35.4456),True
303,303,193,154000,False,substation,False,transmission,0.0,127.5498,37.7477,KR,POINT (127.5498 37.7477),True
304,304,193,345000,False,substation,False,transmission,0.0,127.5508,37.7487,KR,POINT (127.5508 37.7487),False
305,305,193,354000,False,substation,False,transmission,0.0,127.5518,37.7497,KR,POINT (127.5518 37.7497),False
306,306,194,154000,False,substation,False,transmission,0.0,127.0279,37.9576,KR,POINT (127.0279 37.9576),True
307,307,194,345000,False,substation,False,transmission,0.0,127.0289,37.9586,KR,POINT (127.0289 37.9586),False
308,308,195,154000,False,substation,False,transmission,0.0,129.053,35.1927,KR,POINT (129.053 35.1927),True
309,309,195,345000,False,substation,False,transmission,0.0,129.054,35.1937,KR,POINT (129.054 35.1937),False
310,310,196,154000,False,substation,False,transmission,0.0,126.9124,35.1063,KR,POINT (126.9124 35.1063),True
311,311,197,154000,False,substation,False,transmission,0.0,128.8702,37.7373,KR,POINT (128.8702 37.7373),True
312,312,198,154000,False,substation,False,transmission,0.0,126.9796,37.1423,KR,POINT (126.9796 37.1423),True
313,313,199,154000,False,substation,False,transmission,0.0,127.4411,36.8828,KR,POINT (127.4411 36.8828),True
314,314,200,154000,False,substation,False,transmission,0.0,127.0465,37.1455,KR,POINT (127.0465 37.1455),True
315,315,201,154000,False,substation,False,transmission,0.0,128.4491,38.3854,KR,POINT (128.4491 38.3854),True
316,316,202,154000,False,substation,False,transmission,0.0,128.6724,35.6357,KR,POINT (128.6724 35.6357),True
317,317,203,154000,False,substation,False,transmission,0.0,129.1707,35.1906,KR,POINT (129.1707 35.1906),True
318,318,203,345000,False,substation,False,transmission,0.0,129.1717,35.1916,KR,POINT (129.1717 35.1916),False
319,319,203,354000,False,substation,False,transmission,0.0,129.1727,35.1926,KR,POINT (129.1727 35.1926),False
320,320,204,154000,False,substation,False,transmission,0.0,128.9077,35.81,KR,POINT (128.9077 35.81),True
321,321,204,345000,False,substation,False,transmission,0.0,128.9087,35.811,KR,POINT (128.9087 35.811),False
322,322,204,354000,False,substation,False,transmission,0.0,128.9097,35.812,KR,POINT (128.9097 35.812),False
323,323,205,154000,False,substation,False,transmission,0.0,129.1011,35.5103,KR,POINT (129.1011 35.5103),True
324,324,206,154000,False,substation,False,transmission,0.0,127.7776,35.0773,KR,POINT (127.7776 35.0773),True
325,325,207,154000,False,substation,False,transmission,0.0,127.8916,34.8524,KR,POINT (127.8916 34.8524),True
326,326,208,154000,False,substation,False,transmission,0.0,127.7753,35.5303,KR,POINT (127.7753 35.5303),True
327,327,209,154000,False,substation,False,transmission,0.0,128.3767,34.9614,KR,POINT (128.3767 34.9614),True
328,328,210,154000,False,substation,False,transmission,0.0,128.609,34.8823,KR,POINT (128.609 34.8823),True
329,329,211,154000,False,substation,False,transmission,0.0,128.4609,35.1273,KR,POINT (128.4609 35.1273),True
330,330,212,154000,False,substation,False,transmission,0.0,126.5917,34.3683,KR,POINT (126.5917 34.3683),True
331,331,212,180000,True,substation,False,transmission,0.0,126.5927,34.3693,KR,POINT (126.5927 34.3693),False
332,332,213,154000,False,substation,False,transmission,0.0,128.2813,36.6554,KR,POINT (128.2813 36.6554),True
333,333,214,154000,False,substation,False,transmission,0.0,126.6154,34.4134,KR,POINT (126.6154 34.4134),True
334,334,215,154000,False,substation,False,transmission,0.0,126.5761,34.5665,KR,POINT (126.5761 34.5665),True
335,335,216,154000,False,substation,False,transmission,0.0,126.7911,35.2052,KR,POINT (126.7911 35.2052),True
336,336,217,154000,False,substation,False,transmission,0.0,126.7643,35.2673,KR,POINT (126.7643 35.2673),True
337,337,218,154000,False,substation,False,transmission,0.0,129.3072,35.959,KR,POINT (129.3072 35.959),True
338,338,219,154000,False,substation,False,transmission,0.0,128.4956,35.2382,KR,POINT (128.4956 35.2382),True
339,339,220,154000,False,substation,False,transmission,0.0,127.8054,37.0194,KR,POINT (127.8054 37.0194),True
340,340,220,345000,False,substation,False,transmission,0.0,127.8064,37.0204,KR,POINT (127.8064 37.0204),False
341,341,221,154000,False,substation,False,transmission,0.0,127.6887,37.0279,KR,POINT (127.6887 37.0279),True
342,342,222,154000,False,substation,False,transmission,0.0,127.8024,36.9086,KR,POINT (127.8024 36.9086),True
343,343,223,154000,False,substation,False,transmission,0.0,126.8189,34.9874,KR,POINT (126.8189 34.9874),True
344,344,224,154000,False,substation,False,transmission,0.0,127.7018,36.9524,KR,POINT (127.7018 36.9524),True
345,345,225,154000,False,substation,False,transmission,0.0,127.5831,36.9233,KR,POINT (127.5831 36.9233),True
346,346,226,154000,False,substation,False,transmission,0.0,128.7475,35.8755,KR,POINT (128.7475 35.8755),True
347,347,227,154000,False,substation,False,transmission,0.0,126.7309,34.9865,KR,POINT (126.7309 34.9865),True
348,348,228,154000,False,substation,False,transmission,0.0,126.4071,34.8226,KR,POINT (126.4071 34.8226),True
349,349,229,154000,False,substation,False,transmission,0.0,126.9166,35.6126,KR,POINT (126.9166 35.6126),True
350,350,230,154000,False,substation,False,transmission,0.0,126.4582,34.7627,KR,POINT (126.4582 34.7627),True
351,351,231,154000,False,substation,False,transmission,0.0,126.6854,37.5486,KR,POINT (126.6854 37.5486),True
352,352,231,345000,False,substation,False,transmission,0.0,126.6864,37.5496,KR,POINT (126.6864 37.5496),False
353,353,232,765000,False,substation,False,transmission,0.0,129.0791,35.3946,KR,POINT (129.0791 35.3946),True
354,354,233,154000,False,substation,False,transmission,0.0,128.8542,35.2679,KR,POINT (128.8542 35.2679),True
355,355,234,154000,False,substation,False,transmission,0.0,127.6457,37.2786,KR,POINT (127.6457 37.2786),True
356,356,235,154000,False,substation,False,transmission,0.0,127.1609,37.6944,KR,POINT (127.1609 37.6944),True
357,357,236,154000,False,substation,False,transmission,0.0,128.7069,35.186,KR,POINT (128.7069 35.186),True
358,358,237,154000,False,substation,False,transmission,0.0,127.3801,35.4387,KR,POINT (127.3801 35.4387),True
359,359,238,154000,False,substation,False,transmission,0.0,127.088,37.1244,KR,POINT (127.088 37.1244),True
360,360,239,154000,False,substation,False,transmission,0.0,127.3235,34.8534,KR,POINT (127.3235 34.8534),True
361,361,240,154000,False,substation,False,transmission,0.0,126.4557,36.8468,KR,POINT (126.4557 36.8468),True
362,362,240,345000,False,substation,False,transmission,0.0,126.4567,36.8478,KR,POINT (126.4567 36.8478),False
363,363,241,154000,False,substation,False,transmission,0.0,126.2238,36.9003,KR,POINT (126.2238 36.9003),True
364,364,241,345000,False,substation,False,transmission,0.0,126.2248,36.9013,KR,POINT (126.2248 36.9013),False
365,365,242,154000,False,substation,False,transmission,0.0,127.7403,34.9395,KR,POINT (127.7403 34.9395),True
366,366,242,345000,False,substation,False,transmission,0.0,127.7413,34.9405,KR,POINT (127.7413 34.9405),False
367,367,243,154000,False,substation,False,transmission,0.0,128.1805,37.4912,KR,POINT (128.1805 37.4912),True
368,368,244,154000,False,substation,False,transmission,0.0,129.1743,35.321,KR,POINT (129.1743 35.321),True
369,369,244,765000,False,substation,False,transmission,0.0,129.1753,35.322,KR,POINT (129.1753 35.322),False
370,370,245,154000,False,substation,False,transmission,0.0,127.0823,34.785,KR,POINT (127.0823 34.785),True
371,371,246,154000,False,substation,False,transmission,0.0,126.9221,34.7012,KR,POINT (126.9221 34.7012),True
372,372,247,154000,False,substation,False,transmission,0.0,127.9497,37.3166,KR,POINT (127.9497 37.3166),True
373,373,248,154000,False,substation,False,transmission,0.0,126.3878,35.0144,KR,POINT (126.3878 35.0144),True
374,374,249,154000,False,substation,False,transmission,0.0,126.7562,34.6683,KR,POINT (126.7562 34.6683),True
375,375,250,154000,False,substation,False,transmission,0.0,128.647,38.0491,KR,POINT (128.647 38.0491),True
376,376,251,154000,False,substation,False,transmission,0.0,126.9211,37.3678,KR,POINT (126.9211 37.3678),True
377,377,252,154000,False,substation,False,transmission,0.0,127.9855,37.0083,KR,POINT (127.9855 37.0083),True
378,378,253,154000,False,substation,False,transmission,0.0,129.1338,35.8121,KR,POINT (129.1338 35.8121),True
379,379,254,154000,False,substation,False,transmission,0.0,128.4852,36.0292,KR,POINT (128.4852 36.0292),True
380,380,254,345000,False,substation,False,transmission,0.0,128.4862,36.0302,KR,POINT (128.4862 36.0302),False
381,381,255,154000,False,substation,False,transmission,0.0,126.3284,34.6843,KR,POINT (126.3284 34.6843),True
382,382,256,154000,False,substation,False,transmission,0.0,126.2714,34.7075,KR,POINT (126.2714 34.7075),True
383,383,257,154000,False,substation,False,transmission,0.0,128.9843,37.1546,KR,POINT (128.9843 37.1546),True
384,384,258,154000,False,substation,False,transmission,0.0,127.0932,37.0281,KR,POINT (127.0932 37.0281),True
385,385,258,345000,False,substation,False,transmission,0.0,127.0942,37.0291,KR,POINT (127.0942 37.0291),False
386,386,259,154000,False,substation,False,transmission,0.0,127.8953,37.3646,KR,POINT (127.8953 37.3646),True
387,387,260,345000,False,substation,False,transmission,0.0,126.5717,37.2746,KR,POINT (126.5717 37.2746),True
388,388,261,154000,False,substation,False,transmission,0.0,129.3712,36.425,KR,POINT (129.3712 36.425),True
389,389,262,154000,False,substation,False,transmission,0.0,127.1159,36.8727,KR,POINT (127.1159 36.8727),True
390,390,263,154000,False,substation,False,transmission,0.0,126.2717,34.5195,KR,POINT (126.2717 34.5195),True
391,391,264,154000,False,substation,False,transmission,0.0,126.617,36.9549,KR,POINT (126.617 36.9549),True
392,392,265,154000,False,substation,False,transmission,0.0,127.2635,35.9867,KR,POINT (127.2635 35.9867),True
393,393,266,154000,False,substation,False,transmission,0.0,127.4439,35.9771,KR,POINT (127.4439 35.9771),True
394,394,267,154000,False,substation,False,transmission,0.0,127.4202,37.7224,KR,POINT (127.4202 37.7224),True
395,395,268,154000,False,substation,False,transmission,0.0,126.6395,33.2832,KR,POINT (126.6395 33.2832),True
396,396,269,154000,False,substation,False,transmission,0.0,127.6136,36.7227,KR,POINT (127.6136 36.7227),True
397,397,270,154000,False,substation,False,transmission,0.0,127.7542,36.8544,KR,POINT (127.7542 36.8544),True
398,398,271,154000,False,substation,False,transmission,0.0,127.5124,36.5982,KR,POINT (127.5124 36.5982),True
399,399,272,154000,False,substation,False,transmission,0.0,126.7094,35.3984,KR,POINT (126.7094 35.3984),True
400,400,273,154000,False,substation,False,transmission,0.0,127.7617,38.0979,KR,POINT (127.7617 38.0979),True
401,401,274,154000,False,substation,False,transmission,0.0,126.6927,33.4776,KR,POINT (126.6927 33.4776),True
402,402,275,154000,False,substation,False,transmission,0.0,128.64,36.8132,KR,POINT (128.64 36.8132),True
403,403,276,154000,False,substation,False,transmission,0.0,128.8567,36.9124,KR,POINT (128.8567 36.9124),True
404,404,277,154000,False,substation,False,transmission,0.0,127.1859,37.1498,KR,POINT (127.1859 37.1498),True
405,405,278,154000,False,substation,False,transmission,0.0,126.6912,35.9621,KR,POINT (126.6912 35.9621),True
406,406,279,154000,False,substation,False,transmission,0.0,127.0815,37.8851,KR,POINT (127.0815 37.8851),True
407,407,279,345000,False,substation,False,transmission,0.0,127.0825,37.8861,KR,POINT (127.0825 37.8861),False
408,408,280,154000,False,substation,False,transmission,0.0,126.7307,35.7024,KR,POINT (126.7307 35.7024),True
409,409,281,154000,False,substation,False,transmission,0.0,126.7499,35.9835,KR,POINT (126.7499 35.9835),True
410,410,282,154000,False,substation,False,transmission,0.0,128.6172,37.1898,KR,POINT (128.6172 37.1898),True
411,411,283,154000,False,substation,False,transmission,0.0,126.622,37.5025,KR,POINT (126.622 37.5025),True
412,412,284,345000,False,substation,False,transmission,0.0,127.7064,35.9682,KR,POINT (127.7064 35.9682),True
413,413,285,154000,False,substation,False,transmission,0.0,128.0708,35.055,KR,POINT (128.0708 35.055),True
414,414,286,154000,False,substation,False,transmission,0.0,128.1246,35.1738,KR,POINT (128.1246 35.1738),True
415,415,287,345000,False,substation,False,transmission,0.0,128.2975,35.8229,KR,POINT (128.2975 35.8229),True
416,416,288,154000,False,substation,False,transmission,0.0,126.9559,37.9095,KR,POINT (126.9559 37.9095),True
417,417,288,345000,False,substation,False,transmission,0.0,126.9569,37.9105,KR,POINT (126.9569 37.9105),False
418,418,289,154000,False,substation,False,transmission,0.0,126.9296,38.0159,KR,POINT (126.9296 38.0159),True
419,419,290,154000,False,substation,False,transmission,0.0,126.6365,36.5765,KR,POINT (126.6365 36.5765),True
420,420,291,154000,False,substation,False,transmission,0.0,126.6615,36.6243,KR,POINT (126.6615 36.6243),True
421,421,292,154000,False,substation,False,transmission,0.0,126.6012,36.3098,KR,POINT (126.6012 36.3098),True
422,422,293,154000,False,substation,False,transmission,0.0,127.1044,36.7355,KR,POINT (127.1044 36.7355),True
423,423,294,154000,False,substation,False,transmission,0.0,128.7919,37.8818,KR,POINT (128.7919 37.8818),True
424,424,295,154000,False,substation,False,transmission,0.0,128.1764,38.1031,KR,POINT (128.1764 38.1031),True
425,425,296,154000,False,substation,False,transmission,0.0,127.8714,37.6742,KR,POINT (127.8714 37.6742),True
426,426,297,154000,False,substation,False,transmission,0.0,128.0104,38.0605,KR,POINT (128.0104 38.0605),True
427,427,298,154000,False,substation,False,transmission,0.0,127.7879,37.2913,KR,POINT (127.7879 37.2913),True
428,428,299,154000,False,substation,False,transmission,0.0,127.6391,38.1299,KR,POINT (127.6391 38.1299),True
429,429,300,154000,False,substation,False,transmission,0.0,127.8033,37.8758,KR,POINT (127.8033 37.8758),True
430,430,301,154000,False,substation,False,transmission,0.0,127.8114,37.944,KR,POINT (127.8114 37.944),True
431,431,302,154000,False,substation,False,transmission,0.0,127.558,37.6876,KR,POINT (127.558 37.6876),True
432,432,302,345000,False,substation,False,transmission,0.0,127.559,37.6886,KR,POINT (127.559 37.6886),False
433,433,302,354000,False,substation,False,transmission,0.0,127.56,37.6896,KR,POINT (127.56 37.6896),False
434,434,303,154000,False,substation,False,transmission,0.0,127.8675,37.7289,KR,POINT (127.8675 37.7289),True
435,435,304,154000,False,substation,False,transmission,0.0,127.7312,37.822,KR,POINT (127.7312 37.822),True
436,436,305,154000,False,substation,False,transmission,0.0,127.0941,38.0244,KR,POINT (127.0941 38.0244),True
437,437,306,154000,False,substation,False,transmission,0.0,127.2725,37.8444,KR,POINT (127.2725 37.8444),True
438,438,307,154000,False,substation,False,transmission,0.0,127.0047,37.1955,KR,POINT (127.0047 37.1955),True
439,439,308,154000,False,substation,False,transmission,0.0,126.8604,37.0887,KR,POINT (126.8604 37.0887),True
440,440,308,345000,False,substation,False,transmission,0.0,126.8614,37.0897,KR,POINT (126.8614 37.0897),False
441,441,309,154000,False,substation,False,transmission,0.0,126.7289,37.22,KR,POINT (126.7289 37.22),True
442,442,310,154000,False,substation,False,transmission,0.0,126.2869,36.7423,KR,POINT (126.2869 36.7423),True
443,443,311,154000,False,substation,False,transmission,0.0,126.2903,36.7893,KR,POINT (126.2903 36.7893),True
444,444,312,154000,False,substation,False,transmission,0.0,126.8232,37.2327,KR,POINT (126.8232 37.2327),True
445,445,313,154000,False,substation,False,transmission,0.0,126.3969,37.709,KR,POINT (126.3969 37.709),True
446,446,314,154000,False,substation,False,transmission,0.0,127.5145,37.4977,KR,POINT (127.5145 37.4977),True
447,447,315,154000,False,substation,False,transmission,0.0,129.0864,36.5364,KR,POINT (129.0864 36.5364),True
448,448,316,154000,False,substation,False,transmission,0.0,128.7531,36.5796,KR,POINT (128.7531 36.5796),True
449,449,317,154000,False,substation,False,transmission,0.0,128.8808,36.538,KR,POINT (128.8808 36.538),True
450,450,318,154000,False,substation,False,transmission,0.0,126.8774,36.8392,KR,POINT (126.8774 36.8392),True
451,451,319,154000,False,substation,False,transmission,0.0,127.3475,37.6331,KR,POINT (127.3475 37.6331),True
452,452,320,154000,False,substation,False,transmission,0.0,126.6999,36.8987,KR,POINT (126.6999 36.8987),True
453,453,321,345000,False,substation,False,transmission,0.0,126.7217,36.9752,KR,POINT (126.7217 36.9752),True
454,454,322,154000,False,substation,False,transmission,0.0,126.4532,36.8031,KR,POINT (126.4532 36.8031),True
455,455,323,154000,False,substation,False,transmission,0.0,128.7067,35.2272,KR,POINT (128.7067 35.2272),True
456,456,324,154000,False,substation,False,transmission,0.0,127.5125,36.1136,KR,POINT (127.5125 36.1136),True
457,457,325,154000,False,substation,False,transmission,0.0,128.4328,34.8627,KR,POINT (128.4328 34.8627),True
458,458,326,154000,False,substation,False,transmission,0.0,128.766,35.1216,KR,POINT (128.766 35.1216),True
459,459,327,154000,False,substation,False,transmission,0.0,129.0353,35.8921,KR,POINT (129.0353 35.8921),True
460,460,328,154000,False,substation,False,transmission,0.0,129.3474,36.0529,KR,POINT (129.3474 36.0529),True
461,461,329,154000,False,substation,False,transmission,0.0,126.7795,36.1884,KR,POINT (126.7795 36.1884),True
462,462,330,154000,False,substation,False,transmission,0.0,129.287,36.1608,KR,POINT (129.287 36.1608),True
463,463,331,154000,False,substation,False,transmission,0.0,128.1356,36.134,KR,POINT (128.1356 36.134),True
464,464,332,154000,False,substation,False,transmission,0.0,128.3111,36.0543,KR,POINT (128.3111 36.0543),True
465,465,333,154000,False,substation,False,transmission,0.0,128.0972,36.0803,KR,POINT (128.0972 36.0803),True
466,466,334,154000,False,substation,False,transmission,0.0,128.2485,35.6638,KR,POINT (128.2485 35.6638),True
467,467,335,154000,False,substation,False,transmission,0.0,128.2702,35.1939,KR,POINT (128.2702 35.1939),True
468,468,336,154000,False,substation,False,transmission,0.0,128.3775,35.2649,KR,POINT (128.3775 35.2649),True
469,469,337,154000,False,substation,False,transmission,0.0,128.3422,35.2974,KR,POINT (128.3422 35.2974),True
470,470,338,154000,False,substation,False,transmission,0.0,126.7116,36.0327,KR,POINT (126.7116 36.0327),True
471,471,339,154000,False,substation,False,transmission,0.0,126.9465,36.2969,KR,POINT (126.9465 36.2969),True
472,472,340,154000,False,substation,False,transmission,0.0,129.2806,35.7158,KR,POINT (129.2806 35.7158),True
473,473,340,345000,False,substation,False,transmission,0.0,129.2816,35.7168,KR,POINT (129.2816 35.7168),False
474,474,340,354000,False,substation,False,transmission,0.0,129.2826,35.7178,KR,POINT (129.2826 35.7178),False
475,475,341,154000,False,substation,False,transmission,0.0,128.7605,35.8013,KR,POINT (128.7605 35.8013),True
476,476,342,154000,False,substation,False,transmission,0.0,128.5443,36.5952,KR,POINT (128.5443 36.5952),True
477,477,342,345000,False,substation,False,transmission,0.0,128.5453,36.5962,KR,POINT (128.5453 36.5962),False
478,478,343,154000,False,substation,False,transmission,0.0,128.1711,36.603,KR,POINT (128.1711 36.603),True
479,479,344,154000,False,substation,False,transmission,0.0,128.4342,36.649,KR,POINT (128.4342 36.649),True
480,480,345,154000,False,substation,False,transmission,0.0,128.1459,36.6896,KR,POINT (128.1459 36.6896),True
481,481,346,154000,False,substation,False,transmission,0.0,128.2185,36.3576,KR,POINT (128.2185 36.3576),True
482,482,347,154000,False,substation,False,transmission,0.0,128.4848,36.3692,KR,POINT (128.4848 36.3692),True
483,483,348,154000,False,substation,False,transmission,0.0,128.5802,36.1853,KR,POINT (128.5802 36.1853),True
484,484,349,154000,False,substation,False,transmission,0.0,128.3753,36.1243,KR,POINT (128.3753 36.1243),True
485,485,350,154000,False,substation,False,transmission,0.0,128.5822,35.9468,KR,POINT (128.5822 35.9468),True
486,486,351,154000,False,substation,False,transmission,0.0,127.568,34.8506,KR,POINT (127.568 34.8506),True
487,487,352,154000,False,substation,False,transmission,0.0,127.661,34.809,KR,POINT (127.661 34.809),True
488,488,353,154000,False,substation,False,transmission,0.0,127.2598,35.0437,KR,POINT (127.2598 35.0437),True
489,489,354,154000,False,substation,False,transmission,0.0,127.2291,35.3256,KR,POINT (127.2291 35.3256),True
490,490,355,154000,False,substation,False,transmission,0.0,127.4585,35.1952,KR,POINT (127.4585 35.1952),True
491,491,356,154000,False,substation,False,transmission,0.0,127.0187,35.3538,KR,POINT (127.0187 35.3538),True
492,492,357,154000,False,substation,False,transmission,0.0,126.3906,34.7421,KR,POINT (126.3906 34.7421),True
493,493,358,154000,False,substation,False,transmission,0.0,126.5114,35.0061,KR,POINT (126.5114 35.0061),True
494,494,359,154000,False,substation,False,transmission,0.0,127.043,35.0327,KR,POINT (127.043 35.0327),True
495,495,360,154000,False,substation,False,transmission,0.0,128.6808,37.6724,KR,POINT (128.6808 37.6724),True
496,496,361,154000,False,substation,False,transmission,0.0,128.4354,37.5601,KR,POINT (128.4354 37.5601),True
497,497,362,154000,False,substation,False,transmission,0.0,127.8977,37.5254,KR,POINT (127.8977 37.5254),True
498,498,363,154000,False,substation,False,transmission,0.0,128.0309,37.4945,KR,POINT (128.0309 37.4945),True
499,499,364,154000,False,substation,False,transmission,0.0,127.6395,36.0077,KR,POINT (127.6395 36.0077),True
500,500,365,154000,False,substation,False,transmission,0.0,127.1159,35.7545,KR,POINT (127.1159 35.7545),True
501,501,366,154000,False,substation,False,transmission,0.0,127.3027,35.6256,KR,POINT (127.3027 35.6256),True
502,502,367,154000,False,substation,False,transmission,0.0,126.7187,35.4551,KR,POINT (126.7187 35.4551),True
503,503,368,154000,False,substation,False,transmission,0.0,129.3352,37.1871,KR,POINT (129.3352 37.1871),True
504,504,368,345000,False,substation,False,transmission,0.0,129.3362,37.1881,KR,POINT (129.3362 37.1881),False
505,505,369,154000,False,substation,False,transmission,0.0,129.0322,37.2185,KR,POINT (129.0322 37.2185),True
506,506,370,154000,False,substation,False,transmission,0.0,128.7385,37.348,KR,POINT (128.7385 37.348),True
507,507,371,154000,False,substation,False,transmission,0.0,128.8394,37.2187,KR,POINT (128.8394 37.2187),True
508,508,372,154000,False,substation,False,transmission,0.0,127.6901,37.1293,KR,POINT (127.6901 37.1293),True
509,509,373,154000,False,substation,False,transmission,0.0,127.0006,35.9564,KR,POINT (127.0006 35.9564),True
510,510,374,154000,False,substation,False,transmission,0.0,127.1364,35.9518,KR,POINT (127.1364 35.9518),True
511,511,375,154000,False,substation,False,transmission,0.0,128.3324,36.9963,KR,POINT (128.3324 36.9963),True
512,512,376,154000,False,substation,False,transmission,0.0,127.5801,36.9803,KR,POINT (127.5801 36.9803),True
513,513,377,154000,False,substation,False,transmission,0.0,127.9234,36.9271,KR,POINT (127.9234 36.9271),True
514,514,378,154000,False,substation,False,transmission,0.0,127.9215,36.9999,KR,POINT (127.9215 36.9999),True
515,515,379,154000,False,substation,False,transmission,0.0,127.9821,37.1055,KR,POINT (127.9821 37.1055),True
516,516,380,154000,False,substation,False,transmission,0.0,127.4545,36.659,KR,POINT (127.4545 36.659),True
517,517,381,154000,False,substation,False,transmission,0.0,127.7277,36.428,KR,POINT (127.7277 36.428),True
518,518,382,154000,False,substation,False,transmission,0.0,127.3863,37.0746,KR,POINT (127.3863 37.0746),True
519,519,383,154000,False,substation,False,transmission,0.0,127.4946,36.9141,KR,POINT (127.4946 36.9141),True
520,520,384,154000,False,substation,False,transmission,0.0,128.2782,37.0849,KR,POINT (128.2782 37.0849),True
521,521,385,154000,False,substation,False,transmission,0.0,127.967,36.8488,KR,POINT (127.967 36.8488),True
522,522,386,154000,False,substation,False,transmission,0.0,127.4446,36.456,KR,POINT (127.4446 36.456),True
523,523,386,345000,False,substation,False,transmission,0.0,127.4456,36.457,KR,POINT (127.4456 36.457),False
524,524,387,154000,False,substation,False,transmission,0.0,126.9237,35.7996,KR,POINT (126.9237 35.7996),True
525,525,388,154000,False,substation,False,transmission,0.0,126.5122,34.7402,KR,POINT (126.5122 34.7402),True
526,526,389,154000,False,substation,False,transmission,0.0,127.8112,37.0839,KR,POINT (127.8112 37.0839),True
527,527,390,154000,False,substation,False,transmission,0.0,127.5012,37.263,KR,POINT (127.5012 37.263),True
528,528,391,345000,False,substation,False,transmission,0.0,126.9568,36.8308,KR,POINT (126.9568 36.8308),True
529,529,392,154000,False,substation,False,transmission,0.0,126.24,36.8421,KR,POINT (126.24 36.8421),True
530,530,392,345000,False,substation,False,transmission,0.0,126.241,36.8431,KR,POINT (126.241 36.8431),False
531,531,393,154000,False,substation,False,transmission,0.0,126.717,37.4149,KR,POINT (126.717 37.4149),True
532,532,394,154000,False,substation,False,transmission,0.0,127.6782,37.836,KR,POINT (127.6782 37.836),True
533,533,395,154000,False,substation,False,transmission,0.0,129.3819,36.8642,KR,POINT (129.3819 36.8642),True
534,534,396,154000,False,substation,False,transmission,0.0,129.02,37.5957,KR,POINT (129.02 37.5957),True
535,535,397,154000,False,substation,False,transmission,0.0,128.2315,36.6622,KR,POINT (128.2315 36.6622),True
536,536,398,154000,False,substation,False,transmission,0.0,127.3351,38.1792,KR,POINT (127.3351 38.1792),True
537,537,399,154000,False,substation,False,transmission,0.0,126.8109,37.5365,KR,POINT (126.8109 37.5365),True
538,538,400,154000,False,substation,False,transmission,0.0,126.8841,35.8403,KR,POINT (126.8841 35.8403),True
539,539,401,154000,False,substation,False,transmission,0.0,127.9115,35.399,KR,POINT (127.9115 35.399),True
540,540,402,154000,False,substation,False,transmission,0.0,127.1794,35.8421,KR,POINT (127.1794 35.8421),True
541,541,403,154000,False,substation,False,transmission,0.0,128.0683,35.5461,KR,POINT (128.0683 35.5461),True
542,542,404,154000,False,substation,False,transmission,0.0,128.1647,35.582,KR,POINT (128.1647 35.582),True
543,543,405,154000,False,substation,False,transmission,0.0,127.9137,35.6656,KR,POINT (127.9137 35.6656),True
544,544,406,154000,False,substation,False,transmission,0.0,126.4802,35.282,KR,POINT (126.4802 35.282),True
545,545,407,154000,False,substation,False,transmission,0.0,126.7529,35.1339,KR,POINT (126.7529 35.1339),True
546,546,408,154000,False,substation,False,transmission,0.0,127.8268,35.054,KR,POINT (127.8268 35.054),True
547,547,409,154000,False,substation,False,transmission,0.0,126.8364,35.2296,KR,POINT (126.8364 35.2296),True
548,548,410,154000,False,substation,False,transmission,0.0,128.3582,36.0814,KR,POINT (128.3582 36.0814),True
549,549,411,145000,False,substation,False,transmission,0.0,129.2599,35.364,KR,POINT (129.2599 35.364),True
550,550,411,154000,False,substation,False,transmission,0.0,129.2609,35.365,KR,POINT (129.2609 35.365),False
551,551,412,154000,False,substation,False,transmission,0.0,129.481,35.9647,KR,POINT (129.481 35.9647),True
552,552,413,154000,False,substation,False,transmission,0.0,129.2442,35.9193,KR,POINT (129.2442 35.9193),True
553,553,414,154000,False,substation,False,transmission,0.0,128.9458,35.9064,KR,POINT (128.9458 35.9064),True
554,554,415,154000,False,substation,False,transmission,0.0,128.922,35.8634,KR,POINT (128.922 35.8634),True
555,555,416,154000,False,substation,False,transmission,0.0,128.1489,36.4219,KR,POINT (128.1489 36.4219),True
556,556,417,154000,False,substation,False,transmission,0.0,129.3456,36.1549,KR,POINT (129.3456 36.1549),True
557,557,418,154000,False,substation,False,transmission,0.0,129.3047,36.0849,KR,POINT (129.3047 36.0849),True
558,558,419,154000,False,substation,False,transmission,0.0,129.4108,36.0926,KR,POINT (129.4108 36.0926),True
559,559,420,154000,False,substation,False,transmission,0.0,126.9495,37.8339,KR,POINT (126.9495 37.8339),True
560,560,420,345000,False,substation,False,transmission,0.0,126.9505,37.8349,KR,POINT (126.9505 37.8349),False
561,561,421,154000,False,substation,False,transmission,0.0,127.65,36.8102,KR,POINT (127.65 36.8102),True
562,562,422,154000,False,substation,False,transmission,0.0,128.4889,35.3576,KR,POINT (128.4889 35.3576),True
563,563,423,154000,False,substation,False,transmission,0.0,126.8489,35.5921,KR,POINT (126.8489 35.5921),True
564,564,424,154000,False,substation,False,transmission,0.0,127.6498,37.9756,KR,POINT (127.6498 37.9756),True
565,565,425,154000,False,substation,False,transmission,0.0,127.4929,37.8149,KR,POINT (127.4929 37.8149),True
566,566,426,154000,False,substation,False,transmission,0.0,127.7257,37.7777,KR,POINT (127.7257 37.7777),True
567,567,427,154000,False,substation,False,transmission,0.0,128.5758,38.0924,KR,POINT (128.5758 38.0924),True
568,568,428,154000,False,substation,False,transmission,0.0,129.1837,37.4266,KR,POINT (129.1837 37.4266),True
569,569,429,154000,False,substation,False,transmission,0.0,127.4186,37.3221,KR,POINT (127.4186 37.3221),True
570,570,430,154000,False,substation,False,transmission,0.0,127.0772,36.9612,KR,POINT (127.0772 36.9612),True
571,571,431,154000,False,substation,False,transmission,0.0,126.6687,35.1804,KR,POINT (126.6687 35.1804),True
572,572,432,154000,False,substation,False,transmission,0.0,128.1192,36.3122,KR,POINT (128.1192 36.3122),True
573,573,433,154000,False,substation,False,transmission,0.0,126.6832,34.834,KR,POINT (126.6832 34.834),True
574,574,434,154000,False,substation,False,transmission,0.0,126.4967,34.8912,KR,POINT (126.4967 34.8912),True
575,575,435,154000,False,substation,False,transmission,0.0,126.9403,37.216,KR,POINT (126.9403 37.216),True
576,576,436,154000,False,substation,False,transmission,0.0,126.793,35.4724,KR,POINT (126.793 35.4724),True
577,577,437,154000,False,substation,False,transmission,0.0,126.6026,33.5291,KR,POINT (126.6026 33.5291),True
578,578,437,180000,True,substation,False,transmission,0.0,126.6036,33.5301,KR,POINT (126.6036 33.5301),False
579,579,438,154000,False,substation,False,transmission,0.0,126.2734,33.4012,KR,POINT (126.2734 33.4012),True
580,580,439,154000,False,substation,False,transmission,0.0,127.458,36.3048,KR,POINT (127.458 36.3048),True
581,581,440,154000,False,substation,False,transmission,0.0,127.3665,36.325,KR,POINT (127.3665 36.325),True
582,582,441,154000,False,substation,False,transmission,0.0,126.9526,35.3144,KR,POINT (126.9526 35.3144),True
583,583,442,154000,False,substation,False,transmission,0.0,126.5908,37.6884,KR,POINT (126.5908 37.6884),True
584,584,443,154000,False,substation,False,transmission,0.0,126.7648,33.3684,KR,POINT (126.7648 33.3684),True
585,585,444,154000,False,substation,False,transmission,0.0,126.1876,34.3858,KR,POINT (126.1876 34.3858),True
586,586,444,250000,True,substation,False,transmission,0.0,126.1886,34.3868,KR,POINT (126.1886 34.3868),False
587,587,445,154000,False,substation,False,transmission,0.0,129.3137,35.6722,KR,POINT (129.3137 35.6722),True
588,588,445,345000,False,substation,False,transmission,0.0,129.3147,35.6732,KR,POINT (129.3147 35.6732),False
589,589,446,345000,False,substation,False,transmission,0.0,128.734,36.8161,KR,POINT (128.734 36.8161),True
590,590,447,154000,False,substation,False,transmission,0.0,127.5011,36.2361,KR,POINT (127.5011 36.2361),True
591,591,448,345000,False,substation,False,transmission,0.0,128.3584,35.9526,KR,POINT (128.3584 35.9526),True
592,592,449,154000,False,substation,False,transmission,0.0,127.5175,35.6748,KR,POINT (127.5175 35.6748),True
593,593,450,154000,False,substation,False,transmission,0.0,127.2955,36.4242,KR,POINT (127.2955 36.4242),True
594,594,451,154000,False,substation,False,transmission,0.0,127.3429,36.6451,KR,POINT (127.3429 36.6451),True
595,595,452,154000,False,substation,False,transmission,0.0,127.3703,36.5831,KR,POINT (127.3703 36.5831),True
596,596,453,154000,False,substation,False,transmission,0.0,127.2313,36.2983,KR,POINT (127.2313 36.2983),True
597,597,454,154000,False,substation,False,transmission,0.0,129.0476,37.4837,KR,POINT (129.0476 37.4837),True
598,598,455,345000,False,substation,False,transmission,0.0,129.203,37.3637,KR,POINT (129.203 37.3637),True
599,599,456,154000,False,substation,False,transmission,0.0,128.3724,38.3571,KR,POINT (128.3724 38.3571),True
600,600,457,154000,False,substation,False,transmission,0.0,128.7455,35.4856,KR,POINT (128.7455 35.4856),True
601,601,458,345000,False,substation,False,transmission,0.0,128.4237,36.7549,KR,POINT (128.4237 36.7549),True
602,602,459,154000,False,substation,False,transmission,0.0,128.4181,37.4169,KR,POINT (128.4181 37.4169),True
603,603,460,154000,False,substation,False,transmission,0.0,127.2544,34.5782,KR,POINT (127.2544 34.5782),True
604,604,461,154000,False,substation,False,transmission,0.0,126.3165,34.7363,KR,POINT (126.3165 34.7363),True
605,605,462,154000,False,substation,False,transmission,0.0,127.2734,36.5916,KR,POINT (127.2734 36.5916),True
606,606,463,154000,False,substation,False,transmission,0.0,129.3198,37.13,KR,POINT (129.3198 37.13),True
607,607,464,154000,False,substation,False,transmission,0.0,129.4403,36.7077,KR,POINT (129.4403 36.7077),True
608,608,465,154000,False,substation,False,transmission,0.0,127.545,36.0416,KR,POINT (127.545 36.0416),True
609,609,466,154000,False,substation,False,transmission,0.0,126.6794,33.5263,KR,POINT (126.6794 33.5263),True
610,610,467,154000,False,substation,False,transmission,0.0,129.3637,36.9788,KR,POINT (129.3637 36.9788),True
611,611,468,154000,False,substation,False,transmission,0.0,128.9352,36.9164,KR,POINT (128.9352 36.9164),True
612,612,469,345000,False,substation,False,transmission,0.0,128.9238,36.2794,KR,POINT (128.9238 36.2794),True
613,613,470,154000,False,substation,False,transmission,0.0,126.5923,36.5218,KR,POINT (126.5923 36.5218),True
614,614,471,154000,False,substation,False,transmission,0.0,128.2357,37.8418,KR,POINT (128.2357 37.8418),True
615,615,472,154000,False,substation,False,transmission,0.0,127.7316,37.936,KR,POINT (127.7316 37.936),True
616,616,473,154000,False,substation,False,transmission,0.0,126.3327,36.5791,KR,POINT (126.3327 36.5791),True
617,617,474,154000,False,substation,False,transmission,0.0,126.5555,36.7267,KR,POINT (126.5555 36.7267),True
618,618,475,154000,False,substation,False,transmission,0.0,126.4814,37.6816,KR,POINT (126.4814 37.6816),True
619,619,476,154000,False,substation,False,transmission,0.0,127.6161,37.428,KR,POINT (127.6161 37.428),True
620,620,477,154000,False,substation,False,transmission,0.0,129.2091,36.5773,KR,POINT (129.2091 36.5773),True
621,621,478,154000,False,substation,False,transmission,0.0,126.6775,36.8297,KR,POINT (126.6775 36.8297),True
622,622,479,154000,False,substation,False,transmission,0.0,126.3545,36.9925,KR,POINT (126.3545 36.9925),True
623,623,480,154000,False,substation,False,transmission,0.0,128.3255,35.0355,KR,POINT (128.3255 35.0355),True
624,624,481,154000,False,substation,False,transmission,0.0,128.7897,35.4502,KR,POINT (128.7897 35.4502),True
625,625,482,154000,False,substation,False,transmission,0.0,129.3978,35.8933,KR,POINT (129.3978 35.8933),True
626,626,483,154000,False,substation,False,transmission,0.0,128.3533,36.1721,KR,POINT (128.3533 36.1721),True
627,627,484,345000,False,substation,False,transmission,0.0,128.6332,36.6269,KR,POINT (128.6332 36.6269),True
628,628,485,154000,False,substation,False,transmission,0.0,127.0101,35.5908,KR,POINT (127.0101 35.5908),True
629,629,486,154000,False,substation,False,transmission,0.0,126.5153,34.9388,KR,POINT (126.5153 34.9388),True
630,630,487,154000,False,substation,False,transmission,0.0,128.7713,37.3047,KR,POINT (128.7713 37.3047),True
631,631,488,154000,False,substation,False,transmission,0.0,128.8807,37.1464,KR,POINT (128.8807 37.1464),True
632,632,489,154000,False,substation,False,transmission,0.0,127.7864,36.8276,KR,POINT (127.7864 36.8276),True
633,633,490,154000,False,substation,False,transmission,0.0,128.3299,36.9406,KR,POINT (128.3299 36.9406),True
634,634,491,154000,False,substation,False,transmission,0.0,127.8334,36.2541,KR,POINT (127.8334 36.2541),True
635,635,492,154000,False,substation,False,transmission,0.0,127.6527,36.2481,KR,POINT (127.6527 36.2481),True
636,636,493,154000,False,substation,False,transmission,0.0,127.5919,37.2456,KR,POINT (127.5919 37.2456),True
637,637,494,345000,False,substation,False,transmission,0.0,126.8211,36.8643,KR,POINT (126.8211 36.8643),True
638,638,495,154000,False,substation,False,transmission,0.0,126.7921,37.4612,KR,POINT (126.7921 37.4612),True
639,639,496,154000,False,substation,False,transmission,0.0,126.4996,36.1491,KR,POINT (126.4996 36.1491),True
640,640,497,154000,False,substation,False,transmission,0.0,126.9788,36.2321,KR,POINT (126.9788 36.2321),True
641,641,498,154000,False,substation,False,transmission,0.0,126.9351,35.8403,KR,POINT (126.9351 35.8403),True
642,642,499,154000,False,substation,False,transmission,0.0,127.9615,35.4257,KR,POINT (127.9615 35.4257),True
643,643,500,154000,False,substation,False,transmission,0.0,128.0281,36.1269,KR,POINT (128.0281 36.1269),True
644,644,501,154000,False,substation,False,transmission,0.0,128.3186,37.1873,KR,POINT (128.3186 37.1873),True
645,645,502,154000,False,substation,False,transmission,0.0,128.6096,35.9134,KR,POINT (128.6096 35.9134),True
646,646,503,154000,False,substation,False,transmission,0.0,127.7734,37.7646,KR,POINT (127.7734 37.7646),True
647,647,504,154000,False,substation,False,transmission,0.0,128.3236,37.2289,KR,POINT (128.3236 37.2289),True
